Nr,Date,SWRos2,SWRos3
1,2014-01-01,38.83636364,35.9030303
2,2014-01-02,34.73805988,29.8677809
3,2014-01-03,32.32161568,26.14142969
4,2014-01-04,30.36453098,23.32864968
5,2014-01-05,28.77635399,21.15243312
6,2014-01-06,27.71756932,19.70162208
7,2014-01-07,27.10689468,18.83011346
8,2014-01-08,26.76714183,18.31802212
9,2014-01-09,26.37809455,17.81201474
10,2014-01-10,26.1187297,17.4746765
11,2014-01-11,25.9458198,17.24978433
12,2014-01-12,25.83054653,17.09985622
13,2014-01-13,25.75369769,16.99990415
14,2014-01-14,25.70246513,16.93326943
15,2014-01-15,25.66831008,16.88884629
16,2014-01-16,25.64554006,16.85923086
17,2014-01-17,25.63036004,16.83948724
18,2014-01-18,25.62024002,16.82632483
19,2014-01-19,25.61349335,16.81754988
20,2014-01-20,25.60899557,16.81169992
21,2014-01-21,25.60599704,16.80779995
22,2014-01-22,25.60399803,16.80519997
23,2014-01-23,25.60266535,16.80346664
24,2014-01-24,25.6017769,16.8023111
25,2014-01-25,25.6011846,16.80154073
26,2014-01-26,25.60078973,16.80102715
27,2014-01-27,25.60052649,16.80068477
28,2014-01-28,25.60035099,16.80045651
29,2014-01-29,25.600234,16.80030434
30,2014-01-30,25.600156,16.80020289
31,2014-01-31,25.600104,16.80013526
32,2014-02-01,25.60006933,16.80009018
33,2014-02-02,25.60004622,16.80006012
34,2014-02-03,25.60003081,16.80004008
35,2014-02-04,25.60002054,16.80002672
36,2014-02-05,25.6000137,16.80001781
37,2014-02-06,25.60000913,16.80001187
38,2014-02-07,25.60000609,16.80000792
39,2014-02-08,25.60000406,16.80000528
40,2014-02-09,25.60000271,16.80000352
41,2014-02-10,25.99830483,17.19830538
42,2014-02-11,25.86553656,17.06553692
43,2014-02-12,25.77702437,16.97702461
44,2014-02-13,25.71801625,16.91801641
45,2014-02-14,25.6786775,16.87867761
46,2014-02-15,25.65245167,16.85245174
47,2014-02-16,25.63496778,16.83496782
48,2014-02-17,25.68531173,16.88841341
49,2014-02-18,25.65687449,16.85894228
50,2014-02-19,25.63791632,16.83929485
51,2014-02-20,25.62527755,16.82619657
52,2014-02-21,25.6168517,16.81746438
53,2014-02-22,25.61123447,16.81164292
54,2014-02-23,25.63658055,16.83685285
55,2014-02-24,25.97347794,17.17365948
56,2014-02-25,26.13989439,17.34001541
57,2014-02-26,25.95992959,17.16001027
58,2014-02-27,25.83995306,17.04000685
59,2014-02-28,25.75996871,16.96000457
60,2014-03-01,25.7066458,16.90666971
61,2014-03-02,25.6710972,16.87111314
62,2014-03-03,25.64739814,16.84740876
63,2014-03-04,25.63159876,16.83160584
64,2014-03-05,25.62106584,16.82107056
65,2014-03-06,25.65258935,16.85259249
66,2014-03-07,26.39233088,17.62851892
67,2014-03-08,26.41912968,17.64325504
68,2014-03-09,26.611541,17.82762457
69,2014-03-10,26.95799703,18.16871941
70,2014-03-11,26.8107859,18.01793415
71,2014-03-12,27.22173605,18.42650156
72,2014-03-13,27.4084301,18.6116071
73,2014-03-14,27.06743825,18.26955625
74,2014-03-15,26.57829216,17.77970416
75,2014-03-16,26.25219478,17.45313611
76,2014-03-17,26.03479652,17.23542407
77,2014-03-18,25.88986434,17.09028272
78,2014-03-19,25.7932429,16.99352181
79,2014-03-20,25.7288286,16.92901454
80,2014-03-21,25.81652187,17.0223322
81,2014-03-22,26.04980246,17.25367601
82,2014-03-23,26.13486801,17.3452045
83,2014-03-24,26.24748776,17.45437876
84,2014-03-25,26.03165851,17.23625251
85,2014-03-26,25.88777234,17.090835
86,2014-03-27,26.1845755,17.38661728
87,2014-03-28,26.32426245,17.52562364
88,2014-03-29,26.67920527,17.88011273
89,2014-03-30,26.39219745,17.59280242
90,2014-03-31,26.12813164,17.32853495
91,2014-04-01,25.95208776,17.15235663
92,2014-04-02,25.86381608,17.06399533
93,2014-04-03,25.77587739,16.97599689
94,2014-04-04,25.71725159,16.91733126
95,2014-04-05,25.85271318,17.05276629
96,2014-04-06,25.84247541,17.04354471
97,2014-04-07,25.77619573,16.97690859
98,2014-04-08,25.71746382,16.91793906
99,2014-04-09,25.67830921,16.87862604
100,2014-04-10,25.65220614,16.85241736
101,2014-04-11,26.20207682,17.40221763
102,2014-04-12,26.45329338,17.6601075
103,2014-04-13,26.73204397,17.93917143
104,2014-04-14,26.85051412,18.05629964
105,2014-04-15,26.69549426,17.89935128
106,2014-04-16,26.69396587,17.89653721
107,2014-04-17,27.13794644,18.35258421
108,2014-04-18,27.27984308,18.4896016
109,2014-04-19,27.67989539,18.88640106
110,2014-04-20,27.93714217,19.14561481
111,2014-04-21,27.19245251,18.31904009
112,2014-04-22,26.57308605,17.72959459
113,2014-04-23,26.16306676,17.33984785
114,2014-04-24,25.88260021,17.07239971
115,2014-04-25,25.68873616,16.88772745
116,2014-04-26,25.54324048,16.7520781
117,2014-04-27,25.39038532,16.60997267
118,2014-04-28,25.2560409,16.48697193
119,2014-04-29,25.12426603,16.36733828
120,2014-04-30,25.11675915,16.36979041
121,2014-05-01,24.99519967,16.25837345
122,2014-05-02,24.99769435,16.27167636
123,2014-05-03,24.93333001,16.21576756
124,2014-05-04,24.99791492,16.28880858
125,2014-05-05,24.98928017,16.2885828
126,2014-05-06,24.88123984,16.18932008
127,2014-05-07,24.75493494,16.07171677
128,2014-05-08,24.62747994,15.95283796
129,2014-05-09,25.8531799,17.19565525
130,2014-05-10,25.87159126,17.17329161
131,2014-05-11,25.87595614,17.14995614
132,2014-05-12,25.78397076,17.03330409
133,2014-05-13,25.73846245,16.97238448
134,2014-05-14,25.6923083,16.91492299
135,2014-05-15,25.66153887,16.87661532
136,2014-05-16,25.64102591,16.85107688
137,2014-05-17,25.62735061,16.83405126
138,2014-05-18,25.58955393,16.76207897
139,2014-05-19,25.8143693,17.01049545
140,2014-05-20,25.68929437,16.88794411
141,2014-05-21,25.44895953,16.66596397
142,2014-05-22,25.23570301,16.47197327
143,2014-05-23,24.97142798,16.23087705
144,2014-05-24,25.53965359,16.82399828
145,2014-05-25,27.10565294,18.46206112
146,2014-05-26,26.88246792,18.19638047
147,2014-05-27,26.45497862,17.73092032
148,2014-05-28,26.16998574,17.42061354
149,2014-05-29,25.9799905,17.21374236
150,2014-05-30,26.04240004,17.27710814
151,2014-05-31,28.12535673,19.39697644
152,2014-06-01,27.28357116,18.53131763
153,2014-06-02,26.72238077,17.95421175
154,2014-06-03,26.34825385,17.5694745
155,2014-06-04,26.0988359,17.312983
156,2014-06-05,26.40379476,17.64333575
157,2014-06-06,26.13586317,17.36222384
158,2014-06-07,26.25490946,17.49132262
159,2014-06-08,26.20870574,17.44381738
160,2014-06-09,26.25582892,17.49490565
161,2014-06-10,26.01503068,17.23571574
162,2014-06-11,26.25102143,17.48809357
163,2014-06-12,25.90820083,17.15043619
164,2014-06-13,25.64306939,16.88939117
165,2014-06-14,25.28092554,16.5625922
166,2014-06-15,24.94447325,16.25986469
167,2014-06-16,25.01941451,16.36429607
168,2014-06-17,24.99101843,16.36232587
169,2014-06-18,24.71718648,16.11665133
170,2014-06-19,25.68643301,17.06044744
171,2014-06-20,26.2624961,17.61520303
172,2014-06-21,26.1812082,17.49146679
173,2014-06-22,25.98747213,17.26097786
174,2014-06-23,25.85831475,17.10731858
175,2014-06-24,25.77220984,17.00487905
176,2014-06-25,25.5146129,16.78425098
177,2014-06-26,25.24038975,16.53557167
178,2014-06-27,24.94669777,16.26831799
179,2014-06-28,24.64594021,15.99420442
180,2014-06-29,24.38666012,15.7600452
181,2014-06-30,24.76864597,16.16464678
182,2014-07-01,24.70615469,16.10581529
183,2014-07-02,25.21512053,16.64459574
184,2014-07-03,25.62365394,16.99298255
185,2014-07-04,25.6157693,16.92865503
186,2014-07-05,25.62500664,16.90110032
187,2014-07-06,25.54179103,16.80411078
188,2014-07-07,25.18687887,16.47026678
189,2014-07-08,24.77711579,16.08345162
190,2014-07-09,24.33960975,15.67117968
191,2014-07-10,23.89056205,15.25603941
192,2014-07-11,23.41398001,14.81407124
193,2014-07-12,22.94529982,14.37452739
194,2014-07-13,22.48956758,13.95136503
195,2014-07-14,25.47995194,16.98134766
196,2014-07-15,25.62180729,17.0282178
197,2014-07-16,30.46151585,21.81716354
198,2014-07-17,28.87039392,20.17573149
199,2014-07-18,28.59489844,19.88659998
200,2014-07-19,27.64029108,18.90375327
201,2014-07-20,26.96019405,18.20250218
202,2014-07-21,26.49511196,17.70115527
203,2014-07-22,25.89349534,17.11258205
204,2014-07-23,25.45405162,16.69553388
205,2014-07-24,25.04776523,16.30770477
206,2014-07-25,24.63387589,15.91353528
207,2014-07-26,24.20315329,15.50854454
208,2014-07-27,23.79156467,15.12156062
209,2014-07-28,23.51045078,14.86297824
210,2014-07-29,23.09332183,14.47132202
211,2014-07-30,23.07183381,14.47188781
212,2014-07-31,22.68052267,14.10786715
213,2014-08-01,23.18195442,14.63518972
214,2014-08-02,22.73909362,14.22342926
215,2014-08-03,22.33514669,13.8482355
216,2014-08-04,21.91436635,13.4570535
217,2014-08-05,21.48537767,13.05839955
218,2014-08-06,21.05867354,12.66294828
219,2014-08-07,24.22685182,15.95864778
220,2014-08-08,27.06256092,18.63281702
221,2014-08-09,26.57504061,18.02187801
222,2014-08-10,26.32304648,17.69147828
223,2014-08-11,26.46001378,17.79235291
224,2014-08-12,26.66729731,17.98172674
225,2014-08-13,26.31153154,17.58781783
226,2014-08-14,26.08867189,17.34028893
227,2014-08-15,25.9016121,17.12264961
228,2014-08-16,25.49672783,16.74208992
229,2014-08-17,25.14517406,16.4135911
230,2014-08-18,26.96647732,18.29710283
231,2014-08-19,28.71068439,20.00258853
232,2014-08-20,27.70314053,18.96596697
233,2014-08-21,28.12956466,19.38379941
234,2014-08-22,28.03642733,19.27221839
235,2014-08-23,27.22428489,18.44814559
236,2014-08-24,28.5398259,19.77040243
237,2014-08-25,28.13438527,19.35867554
238,2014-08-26,27.28959018,18.50578369
239,2014-08-27,26.72639345,17.93718913
240,2014-08-28,26.39459744,17.60411108
241,2014-08-29,26.14404915,17.3511511
242,2014-08-30,25.96269944,17.16743407
243,2014-08-31,25.84179962,17.04495604
244,2014-09-01,25.76119975,16.96330403
245,2014-09-02,25.59024325,16.75975705
246,2014-09-03,25.39118388,16.57618522
247,2014-09-04,25.08878869,16.29274964
248,2014-09-05,24.82964944,16.04935644
249,2014-09-06,24.53684927,15.77228581
250,2014-09-07,24.44652463,15.68536324
251,2014-09-08,24.32705045,15.57459532
252,2014-09-09,24.32469911,15.57716009
253,2014-09-10,24.12589312,15.39128883
254,2014-09-11,23.8626244,15.14323388
255,2014-09-12,23.81345216,15.10748419
256,2014-09-13,23.54623871,14.8566937
257,2014-09-14,23.29297155,14.61847289
258,2014-09-15,23.03971618,14.37923288
259,2014-09-16,22.87617749,14.22365037
260,2014-09-17,22.78648095,14.14139309
261,2014-09-18,22.82771475,14.18094283
262,2014-09-19,22.67363121,14.03214486
263,2014-09-20,22.50230504,13.86490783
264,2014-09-21,22.56283434,13.92943811
265,2014-09-22,22.44856744,13.81947727
266,2014-09-23,22.26134363,13.6437943
267,2014-09-24,22.10196491,13.49293385
268,2014-09-25,21.95310488,13.35258794
269,2014-09-26,22.65108447,14.087594
270,2014-09-27,22.65108447,14.087594
271,2014-09-28,22.76061358,14.20293342
272,2014-09-29,22.76061358,14.20293342
273,2014-09-30,22.76061358,14.20293342
274,2014-10-01,22.7457913,14.17427321
275,2014-10-02,22.70307391,14.13851339
276,2014-10-03,22.72354688,14.1632805
277,2014-10-04,22.70025137,14.14293755
278,2014-10-05,22.74427778,14.18929947
279,2014-10-06,22.72640106,14.17172786
280,2014-10-07,22.73556537,14.18273738
281,2014-10-08,25.65582911,17.10562459
282,2014-10-09,26.81157921,18.17887376
283,2014-10-10,27.08763663,18.40069651
284,2014-10-11,26.59175775,17.86713101
285,2014-10-12,26.26117183,17.51142067
286,2014-10-13,26.04078122,17.27428045
287,2014-10-14,26.02316168,17.24870284
288,2014-10-15,25.88210779,17.09913523
289,2014-10-16,25.78807186,16.99942348
290,2014-10-17,25.72538124,16.93294899
291,2014-10-18,25.68358749,16.88863266
292,2014-10-19,26.49991306,17.70918973
293,2014-10-20,26.24381035,17.45003367
294,2014-10-21,26.0292069,17.23335578
295,2014-10-22,25.88613793,17.08890385
296,2014-10-23,25.90742159,17.11133517
297,2014-10-24,28.21201825,19.41479864
298,2014-10-25,28.47147995,19.67365017
299,2014-10-26,27.51431997,18.71576678
300,2014-10-27,26.87621331,18.07717785
301,2014-10-28,26.46513377,17.66653983
302,2014-10-29,26.23477817,17.43880893
303,2014-10-30,26.03751389,17.2409658
304,2014-10-31,25.89167593,17.0939772
305,2014-11-01,25.79445062,16.9959848
306,2014-11-02,26.80721082,18.01554351
307,2014-11-03,26.99128776,18.19714891
308,2014-11-04,26.52752517,17.73143261
309,2014-11-05,26.21835011,17.42095507
310,2014-11-06,26.01223341,17.21397005
311,2014-11-07,25.87482227,17.07598003
312,2014-11-08,25.78321485,16.98398669
313,2014-11-09,25.83546785,17.04099543
314,2014-11-10,25.85474944,17.05911206
315,2014-11-11,26.03912053,17.24289104
316,2014-11-12,25.89274702,17.09560501
317,2014-11-13,25.79516468,16.99707001
318,2014-11-14,25.73010979,16.93138
319,2014-11-15,25.68673986,16.88989258
320,2014-11-16,25.68132338,16.88643841
321,2014-11-17,25.65678922,16.86141773
322,2014-11-18,25.63945812,16.84387063
323,2014-11-19,25.62849684,16.83269533
324,2014-11-20,25.61899789,16.82179689
325,2014-11-21,25.61352906,16.81794857
326,2014-11-22,25.60901937,16.81274217
327,2014-11-23,25.60700517,16.81088272
328,2014-11-24,27.69897504,18.90241527
329,2014-11-25,27.37088428,18.57401806
330,2014-11-26,26.78193273,17.98467483
331,2014-11-27,26.38795515,17.5902573
332,2014-11-28,26.12566542,17.32794116
333,2014-11-29,25.95107818,17.15299981
334,2014-11-30,25.83405212,17.0353332
335,2014-12-01,25.75603475,16.95750553
336,2014-12-02,25.70406984,16.90545214
337,2014-12-03,25.79350889,16.99462597
338,2014-12-04,25.72900593,16.92977331
339,2014-12-05,25.71006957,16.91083895
340,2014-12-06,25.67339089,16.8740062
341,2014-12-07,25.64892726,16.84933747
342,2014-12-08,25.63261817,16.83289165
343,2014-12-09,25.62174545,16.82192776
344,2014-12-10,27.23537737,18.43569516
345,2014-12-11,27.37845023,18.57863957
346,2014-12-12,26.90884847,18.10894225
347,2014-12-13,26.47256565,17.67262817
348,2014-12-14,26.18171043,17.38175211
349,2014-12-15,27.80729468,19.00730865
350,2014-12-16,27.07152979,18.2715391
351,2014-12-17,26.58101986,17.78102606
352,2014-12-18,26.25401324,17.45401738
353,2014-12-19,26.06025125,17.26025401
354,2014-12-20,25.90683417,17.10683601
355,2014-12-21,25.80455611,17.00455734
356,2014-12-22,25.73637074,16.93637156
357,2014-12-23,25.69091383,16.89091437
358,2014-12-24,25.66060922,16.86060958
359,2014-12-25,25.64040615,16.84040639
360,2014-12-26,25.62693743,16.82693759
361,2014-12-27,25.61795829,16.81795839
362,2014-12-28,25.61197219,16.81197226
363,2014-12-29,25.60798146,16.80798151
364,2014-12-30,25.60532097,16.80532101
365,2014-12-31,26.68385074,17.86033163
366,2015-01-01,26.80918503,17.9715443
367,2015-01-02,26.80306732,18.02293785
368,2015-01-03,26.40204488,17.6152919
369,2015-01-04,26.13469659,17.34352793
370,2015-01-05,25.95646439,17.16235195
371,2015-01-06,25.83764293,17.04156797
372,2015-01-07,25.75842862,16.96104531
373,2015-01-08,25.70561908,16.90736354
374,2015-01-09,25.67041272,16.87157569
375,2015-01-10,25.64694181,16.84771713
376,2015-01-11,25.63129454,16.83181142
377,2015-01-12,25.62086303,16.82120761
378,2015-01-13,25.61390869,16.81413841
379,2015-01-14,25.60927246,16.80942561
380,2015-01-15,25.60618164,16.80628374
381,2015-01-16,25.60412109,16.80418916
382,2015-01-17,25.60274739,16.80279277
383,2015-01-18,25.6018316,16.80186185
384,2015-01-19,25.60122106,16.80124123
385,2015-01-20,25.60081404,16.80082749
386,2015-01-21,25.6005427,16.80055166
387,2015-01-22,25.6003618,16.80036777
388,2015-01-23,25.6002412,16.80024518
389,2015-01-24,25.6001608,16.80016345
390,2015-01-25,25.6001072,16.80010897
391,2015-01-26,25.60007147,16.80007265
392,2015-01-27,25.60004764,16.80004843
393,2015-01-28,25.60003176,16.80003229
394,2015-01-29,25.60002118,16.80002152
395,2015-01-30,25.60001412,16.80001435
396,2015-01-31,25.60000941,16.80000957
397,2015-02-01,25.60000627,16.80000638
398,2015-02-02,25.60000418,16.80000425
399,2015-02-03,25.60000279,16.80000283
400,2015-02-04,25.60000186,16.80000189
401,2015-02-05,25.60000124,16.80000126
402,2015-02-06,25.60000083,16.80000084
403,2015-02-07,25.61691968,16.8158987
404,2015-02-08,25.61127979,16.81059913
405,2015-02-09,25.60751986,16.80706609
406,2015-02-10,28.97273234,20.16474689
407,2015-02-11,28.0171866,19.20978738
408,2015-02-12,27.21145773,18.40652492
409,2015-02-13,26.67430516,17.87101661
410,2015-02-14,26.31620344,17.51401108
411,2015-02-15,26.07746896,17.27600738
412,2015-02-16,25.91831264,17.11733826
413,2015-02-17,25.81220843,17.01155884
414,2015-02-18,25.74147228,16.94103922
415,2015-02-19,26.00902511,17.20112289
416,2015-02-20,25.87268341,17.06741526
417,2015-02-21,25.78178894,16.97827684
418,2015-02-22,25.72119263,16.91885123
419,2015-02-23,25.68079508,16.87923415
420,2015-02-24,25.69937785,16.90131209
421,2015-02-25,26.17305325,17.36359856
422,2015-02-26,26.15161857,17.3447312
423,2015-02-27,25.98794404,17.18257689
424,2015-02-28,25.9544722,17.15052905
425,2015-03-01,26.04815502,17.24410266
426,2015-03-02,26.85242312,18.04900083
427,2015-03-03,26.45501058,17.6519964
428,2015-03-04,26.17000705,17.3679976
429,2015-03-05,25.9800047,17.17866507
430,2015-03-06,25.91377371,17.11683083
431,2015-03-07,25.95315221,17.14406682
432,2015-03-08,25.8354348,17.02937788
433,2015-03-09,25.75695654,16.95291859
434,2015-03-10,25.82551217,17.03072064
435,2015-03-11,25.75034145,16.95381376
436,2015-03-12,25.70022763,16.90254251
437,2015-03-13,25.66681842,16.86836167
438,2015-03-14,25.64454561,16.84557445
439,2015-03-15,25.62969708,16.83038296
440,2015-03-16,25.61979805,16.82025531
441,2015-03-17,25.6131987,16.81350354
442,2015-03-18,25.60879913,16.80900236
443,2015-03-19,25.60586609,16.80600157
444,2015-03-20,25.60391073,16.80400105
445,2015-03-21,25.60260715,16.80266737
446,2015-03-22,25.6017381,16.80177824
447,2015-03-23,26.04265021,17.26345218
448,2015-03-24,25.89510014,17.10896812
449,2015-03-25,25.79673342,17.00597875
450,2015-03-26,25.73115562,16.93731917
451,2015-03-27,25.7116795,16.91578853
452,2015-03-28,26.0228998,17.24841386
453,2015-03-29,25.95803935,17.18002307
454,2015-03-30,26.34792066,17.45841941
455,2015-03-31,26.35923441,17.49757579
456,2015-04-01,26.85746501,18.01413743
457,2015-04-02,27.25725844,18.42304742
458,2015-04-03,26.88374057,18.05601729
459,2015-04-04,26.45582705,17.63734486
460,2015-04-05,26.17055137,17.35822991
461,2015-04-06,26.02588204,17.22064259
462,2015-04-07,25.89884414,17.09632653
463,2015-04-08,25.79922942,16.99755102
464,2015-04-09,25.73281962,16.93170068
465,2015-04-10,25.80942089,17.01657536
466,2015-04-11,25.73961393,16.94438358
467,2015-04-12,26.02659997,17.25157908
468,2015-04-13,26.79108318,17.94007685
469,2015-04-14,26.42464714,17.59264241
470,2015-04-15,26.27231664,17.44729558
471,2015-04-16,26.2003127,17.3812954
472,2015-04-17,26.00020847,17.18753027
473,2015-04-18,25.86680564,17.05835351
474,2015-04-19,25.7927932,16.98813381
475,2015-04-20,25.7285288,16.92542254
476,2015-04-21,25.68568587,16.88361503
477,2015-04-22,25.86902672,17.08149614
478,2015-04-23,25.91589392,17.13313128
479,2015-04-24,25.82551863,17.03798554
480,2015-04-25,25.75034575,16.95865703
481,2015-04-26,26.04867418,17.27698892
482,2015-04-27,25.94463009,17.16648131
483,2015-04-28,25.84467597,17.06021876
484,2015-04-29,25.76311731,16.97347917
485,2015-04-30,25.75425845,16.96414098
486,2015-05-01,25.99084196,17.2162531
487,2015-05-02,25.86056131,17.07750206
488,2015-05-03,25.78862979,17.00089885
489,2015-05-04,25.74067535,16.94982993
490,2015-05-05,25.73929584,16.9320133
491,2015-05-06,26.23825934,17.46904547
492,2015-05-07,26.02550623,17.24603031
493,2015-05-08,25.88367082,17.09735354
494,2015-05-09,25.78911388,16.93929966
495,2015-05-10,25.75666284,16.83232058
496,2015-05-11,25.73524646,16.8201313
497,2015-05-12,25.74868305,16.87951258
498,2015-05-13,25.72426376,16.88446966
499,2015-05-14,25.94018446,17.13046022
500,2015-05-15,26.05428628,17.26265795
501,2015-05-16,25.85913848,17.06272645
502,2015-05-17,25.67604072,16.88651595
503,2015-05-18,25.75114841,16.96565157
504,2015-05-19,25.95806375,17.18452619
505,2015-05-20,26.17206073,17.41145657
506,2015-05-21,26.04177715,17.27198238
507,2015-05-22,26.00040286,17.22744722
508,2015-05-23,26.71469081,17.98801137
509,2015-05-24,26.34312721,17.59200758
510,2015-05-25,26.21618384,17.45664265
511,2015-05-26,26.52511594,17.7856048
512,2015-05-27,27.52561549,18.79666355
513,2015-05-28,26.88374366,18.13110903
514,2015-05-29,26.63763398,17.88104369
515,2015-05-30,26.29175599,17.52069579
516,2015-05-31,26.46935075,17.71518303
517,2015-06-01,26.71235919,17.95737617
518,2015-06-02,26.35646479,17.58744333
519,2015-06-03,26.57926133,17.8235998
520,2015-06-04,26.25284089,17.48239987
521,2015-06-05,26.05010961,17.2707802
522,2015-06-06,26.54952389,17.80536519
523,2015-06-07,26.44425584,17.69515656
524,2015-06-08,26.19332576,17.42923151
525,2015-06-09,26.04090027,17.26776821
526,2015-06-10,25.90879828,17.12767004
527,2015-06-11,25.82072411,17.03426339
528,2015-06-12,25.74714941,16.93716716
529,2015-06-13,25.89372103,17.08834972
530,2015-06-14,25.79493723,17.00651043
531,2015-06-15,25.63887239,16.86372149
532,2015-06-16,25.32716751,16.5778326
533,2015-06-17,25.01860351,16.29611124
534,2015-06-18,24.68952799,15.99423839
535,2015-06-19,24.3767966,15.70875699
536,2015-06-20,24.04845523,15.40959607
537,2015-06-21,23.65786189,15.05018863
538,2015-06-22,23.51814127,14.9344335
539,2015-06-23,23.19835879,14.64678111
540,2015-06-24,24.0292037,15.52981779
541,2015-06-25,24.52339622,16.05497259
542,2015-06-26,25.50995488,17.00210754
543,2015-06-27,25.61503302,17.01447512
544,2015-06-28,25.62472713,16.95860074
545,2015-06-29,25.61588928,16.89140159
546,2015-06-30,25.95312875,17.22449882
547,2015-07-01,25.55848429,16.83831111
548,2015-07-02,25.16110289,16.47186333
549,2015-07-03,24.76719087,16.11127587
550,2015-07-04,24.35876834,15.73882598
551,2015-07-05,24.07341582,15.48012235
552,2015-07-06,24.11431797,15.55692989
553,2015-07-07,25.33190951,16.8306107
554,2015-07-08,25.37656749,16.8519174
555,2015-07-09,25.83409504,17.23990932
556,2015-07-10,25.75606336,17.09327288
557,2015-07-11,25.9683932,17.27506871
558,2015-07-12,25.84559547,17.11671248
559,2015-07-13,25.52272966,16.80847809
560,2015-07-14,25.3907918,16.69609368
561,2015-07-15,25.79771682,17.0869438
562,2015-07-16,25.64174017,16.91154498
563,2015-07-17,25.1995127,16.5034663
564,2015-07-18,25.69903364,16.98870464
565,2015-07-19,25.36521936,16.68478946
566,2015-07-20,24.90603468,16.26084028
567,2015-07-21,24.48214678,15.86908329
568,2015-07-22,24.46884267,15.87558015
569,2015-07-23,24.2851037,15.70838946
570,2015-07-24,24.13800037,15.61410248
571,2015-07-25,23.71621349,15.22944011
572,2015-07-26,25.35611396,16.90546732
573,2015-07-27,26.16296489,17.62918364
574,2015-07-28,25.98965772,17.36791069
575,2015-07-29,26.07850627,17.40910978
576,2015-07-30,26.18069279,17.4818097
577,2015-07-31,26.10324786,17.37688124
578,2015-08-01,25.99354509,17.24573886
579,2015-08-02,26.06584965,17.31151517
580,2015-08-03,25.92489432,17.15610245
581,2015-08-04,25.74877983,16.99340344
582,2015-08-05,25.620291,16.86341093
583,2015-08-06,25.4253694,16.7048592
584,2015-08-07,25.12880057,16.40530555
585,2015-08-08,24.73146927,16.03996275
586,2015-08-09,24.41094406,15.74590605
587,2015-08-10,24.05126872,15.41645127
588,2015-08-11,24.00298059,15.38340778
589,2015-08-12,23.60459666,15.02043774
590,2015-08-13,23.18904284,14.63976344
591,2015-08-14,22.82547377,14.31037659
592,2015-08-15,22.44403201,13.98101887
593,2015-08-16,22.03232287,13.61075844
594,2015-08-17,21.61308029,13.23775115
595,2015-08-18,21.19480306,12.86732077
596,2015-08-19,20.77729032,12.50230787
597,2015-08-20,20.36294404,12.14180164
598,2015-08-21,19.96170841,11.7973707
599,2015-08-22,19.55061609,11.44039142
600,2015-08-23,19.1802764,11.11523908
601,2015-08-24,18.7759626,10.76366068
602,2015-08-25,18.41791744,10.43439532
603,2015-08-26,18.41754902,10.45328176
604,2015-08-27,18.78806929,10.84348051
605,2015-08-28,19.9221835,12.03782798
606,2015-08-29,19.9221835,12.03782798
607,2015-08-30,19.74412285,11.89815037
608,2015-08-31,19.40379671,11.60050537
609,2015-09-01,19.09833681,11.33100755
610,2015-09-02,18.82712686,11.08846933
611,2015-09-03,18.51657121,10.81846066
612,2015-09-04,18.33332128,10.65781646
613,2015-09-05,18.45857031,10.7824193
614,2015-09-06,18.27771989,10.61969811
615,2015-09-07,18.03020166,10.40177866
616,2015-09-08,17.77749651,10.17879497
617,2015-09-09,17.55622209,9.981038357
618,2015-09-10,17.28560196,9.740233832
619,2015-09-11,17.03114047,9.515125035
620,2015-09-12,16.83676619,9.346306216
621,2015-09-13,16.73680693,9.266266142
622,2015-09-14,16.55603565,9.121757273
623,2015-09-15,16.38989679,8.989131535
624,2015-09-16,16.97843333,9.60892549
625,2015-09-17,19.33562033,12.0798154
626,2015-09-18,23.98912738,16.74005157
627,2015-09-19,24.01060681,16.76267179
628,2015-09-20,24.03208625,16.785292
629,2015-09-21,24.33709423,17.00433273
630,2015-09-22,24.35857367,16.95130196
631,2015-09-23,25.43747007,17.65313454
632,2015-09-24,25.71068037,17.59318326
633,2015-09-25,26.32465184,17.98501347
634,2015-09-26,26.08310123,17.59000898
635,2015-09-27,25.92206749,17.32667266
636,2015-09-28,25.81471166,17.1511151
637,2015-09-29,25.7431411,17.03407674
638,2015-09-30,25.6954274,16.95605116
639,2015-10-01,25.83831768,17.08801187
640,2015-10-02,25.83190853,17.06891665
641,2015-10-03,25.75460569,16.97927777
642,2015-10-04,25.70307046,16.91951851
643,2015-10-05,25.66871364,16.87967901
644,2015-10-06,25.64580909,16.85311934
645,2015-10-07,25.6305394,16.83541289
646,2015-10-08,25.6203596,16.8236086
647,2015-10-09,25.60284486,16.81573906
648,2015-10-10,25.55430596,16.81049271
649,2015-10-11,25.47410085,16.8065272
650,2015-10-12,25.4054358,16.7499261
651,2015-10-13,25.33366407,16.6900939
652,2015-10-14,25.27020455,16.63633234
653,2015-10-15,25.19512496,16.57172874
654,2015-10-16,25.11984258,16.50767424
655,2015-10-17,25.10529128,16.5012875
656,2015-10-18,25.03100767,16.43679688
657,2015-10-19,24.9762161,16.38994903
658,2015-10-20,25.01218532,16.43156151
659,2015-10-21,25.31729012,16.75291164
660,2015-10-22,25.4913425,16.89082485
661,2015-10-23,25.51283256,16.8756405
662,2015-10-24,25.51283256,16.850427
663,2015-10-25,25.64363592,16.94080247
664,2015-10-26,25.62909061,16.89386831
665,2015-10-27,25.61939374,16.86257888
666,2015-10-28,25.61292916,16.84171925
667,2015-10-29,25.60861944,16.82781283
668,2015-10-30,25.60574629,16.81854189
669,2015-10-31,25.61819074,16.82750052
670,2015-11-01,25.62649636,16.8334865
671,2015-11-02,25.61766424,16.82232434
672,2015-11-03,25.61177616,16.81488289
673,2015-11-04,25.60785077,16.80992193
674,2015-11-05,25.60020242,16.80661462
675,2015-11-06,25.64420887,16.85098135
676,2015-11-07,25.95299378,17.17603865
677,2015-11-08,25.84983211,17.0660355
678,2015-11-09,26.17930021,17.41429706
679,2015-11-10,26.00076601,17.22496139
680,2015-11-11,25.86717734,17.08330759
681,2015-11-12,25.77811822,16.98887173
682,2015-11-13,26.43315025,17.68417538
683,2015-11-14,26.17013669,17.40506501
684,2015-11-15,25.98009112,17.20337668
685,2015-11-16,25.85339408,17.06891778
686,2015-11-17,27.23490666,18.48596985
687,2015-11-18,26.69105975,17.92623111
688,2015-11-19,26.32887156,17.55312906
689,2015-11-20,26.08591501,17.30339116
690,2015-11-21,25.92423487,17.13691014
691,2015-11-22,25.81646657,17.02591043
692,2015-11-23,25.74431105,16.95060695
693,2015-11-24,25.69620736,16.90040464
694,2015-11-25,26.61993395,17.82508742
695,2015-11-26,26.28001901,17.48362164
696,2015-11-27,26.09875264,17.30300415
697,2015-11-28,26.49701323,17.70021971
698,2015-11-29,27.59996831,18.80208594
699,2015-11-30,27.30197986,18.50357378
700,2015-12-01,26.73465324,17.93571585
701,2015-12-02,26.35643549,17.5571439
702,2015-12-03,26.10429033,17.3047626
703,2015-12-04,25.93619355,17.1365084
704,2015-12-05,25.82412904,17.02433893
705,2015-12-06,25.74941936,16.94955929
706,2015-12-07,26.29356338,17.41178075
707,2015-12-08,26.0885574,17.20785384
708,2015-12-09,26.69723408,17.80233444
709,2015-12-10,26.45658029,17.57440478
710,2015-12-11,26.17105353,17.31626985
711,2015-12-12,25.98070235,17.1441799
712,2015-12-13,25.85380157,17.02945327
713,2015-12-14,25.76920105,16.95296885
714,2015-12-15,25.7128007,16.90197923
715,2015-12-16,25.67520046,16.86798615
716,2015-12-17,25.79704273,16.8453241
717,2015-12-18,25.8760891,16.88403425
718,2015-12-19,25.7840594,16.85602283
719,2015-12-20,25.7924594,17.14614359
720,2015-12-21,28.3607274,19.83409225
721,2015-12-22,27.44048493,18.82272816
722,2015-12-23,26.82698996,18.14848544
723,2015-12-24,26.4179933,17.6989903
724,2015-12-25,28.72794375,19.9822511
725,2015-12-26,27.68529583,18.92150073
726,2015-12-27,26.99019722,18.21433382
727,2015-12-28,26.52679815,17.74288922
728,2015-12-29,26.21786543,17.42859281
729,2015-12-30,26.01191029,17.21906187
730,2015-12-31,25.94623768,17.15151761
731,2016-01-01,25.83082512,17.03434508
732,2016-01-02,25.75388341,16.95623005
733,2016-01-03,25.70258894,16.90415337
734,2016-01-04,25.66839263,16.86943558
735,2016-01-05,25.64559509,16.84629039
736,2016-01-06,25.63039672,16.83086026
737,2016-01-07,25.62026448,16.8205735
738,2016-01-08,25.61350965,16.81371567
739,2016-01-09,25.60900644,16.80914378
740,2016-01-10,25.60600429,16.80609585
741,2016-01-11,25.60400286,16.8040639
742,2016-01-12,25.60266857,16.80270927
743,2016-01-13,25.60177905,16.80180618
744,2016-01-14,25.60118603,16.80120412
745,2016-01-15,25.60079069,16.80080275
746,2016-01-16,25.60052713,16.80053516
747,2016-01-17,25.60035142,16.80035678
748,2016-01-18,25.60023428,16.80023785
749,2016-01-19,25.60015619,16.80015857
750,2016-01-20,25.60010412,16.80010571
751,2016-01-21,25.60006942,16.80007047
752,2016-01-22,25.60004628,16.80004698
753,2016-01-23,25.60003085,16.80003132
754,2016-01-24,25.60002057,16.80002088
755,2016-01-25,25.60001371,16.80001392
756,2016-01-26,25.60000914,16.80000928
757,2016-01-27,25.60000609,16.80000619
758,2016-01-28,25.60000406,16.80000412
759,2016-01-29,25.60000271,16.80000275
760,2016-01-30,25.60000181,16.80000183
761,2016-01-31,25.6000012,16.80000122
762,2016-02-01,25.6000008,16.80000081
763,2016-02-02,25.60000054,16.80000054
764,2016-02-03,25.60000036,16.80000036
765,2016-02-04,25.60000024,16.80000024
766,2016-02-05,25.60000016,16.80000016
767,2016-02-06,25.60000011,16.80000011
768,2016-02-07,25.60000007,16.80000007
769,2016-02-08,29.38068692,20.57437628
770,2016-02-09,29.12810833,20.3232415
771,2016-02-10,28.14783616,19.34416903
772,2016-02-11,27.32229093,18.51931257
773,2016-02-12,26.74819395,17.94620838
774,2016-02-13,26.36546263,17.56413892
775,2016-02-14,26.11030842,17.30942595
776,2016-02-15,25.94020562,17.1396173
777,2016-02-16,25.82680374,17.02641153
778,2016-02-17,25.7512025,16.95094102
779,2016-02-18,25.70080166,16.90062735
780,2016-02-19,25.66720111,16.8670849
781,2016-02-20,25.64480074,16.84472327
782,2016-02-21,25.62986716,16.82981551
783,2016-02-22,25.61991144,16.81987701
784,2016-02-23,25.61327429,16.81325134
785,2016-02-24,25.60884953,16.80883423
786,2016-02-25,25.60589969,16.80588948
787,2016-02-26,25.60393312,16.80392632
788,2016-02-27,25.60262208,16.80261755
789,2016-02-28,25.60174806,16.80174503
790,2016-02-29,25.60116537,16.80116335
791,2016-03-01,25.60077691,16.80077557
792,2016-03-02,25.60051794,16.80051705
793,2016-03-03,25.60034529,16.8003447
794,2016-03-04,25.6002302,16.8002298
795,2016-03-05,25.60015346,16.8001532
796,2016-03-06,25.64810231,16.82192031
797,2016-03-07,25.63376518,16.84249233
798,2016-03-08,25.62251012,16.82832822
799,2016-03-09,25.61500674,16.81888548
800,2016-03-10,25.83981481,16.81259032
801,2016-03-11,25.75987654,16.80839355
802,2016-03-12,25.70658436,16.8055957
803,2016-03-13,26.14163508,17.01735833
804,2016-03-14,27.40757623,18.19859694
805,2016-03-15,28.59026372,19.4775792
806,2016-03-16,27.59350915,19.28323462
807,2016-03-17,26.94392887,18.47138788
808,2016-03-18,26.49595258,17.91425859
809,2016-03-19,26.19730172,17.54283906
810,2016-03-20,25.99820115,17.29522604
811,2016-03-21,25.86546743,17.13015069
812,2016-03-22,25.77697829,17.02010046
813,2016-03-23,25.71798553,16.94673364
814,2016-03-24,25.67865702,16.89782243
815,2016-03-25,26.03922451,17.23273904
816,2016-03-26,25.89281634,17.11370482
817,2016-03-27,25.7952109,17.00913654
818,2016-03-28,25.7301406,16.93942436
819,2016-03-29,25.80763488,17.02172449
820,2016-03-30,25.73842325,16.94781632
821,2016-03-31,25.69228217,16.89854422
822,2016-04-01,25.66152144,16.86569614
823,2016-04-02,25.6410143,16.84379743
824,2016-04-03,25.62734286,16.82919829
825,2016-04-04,25.69433473,16.90054602
826,2016-04-05,25.82927876,17.04429491
827,2016-04-06,27.61439229,18.80143582
828,2016-04-07,27.0351563,18.22649821
829,2016-04-08,26.55677086,17.75099881
830,2016-04-09,26.23784724,17.43399921
831,2016-04-10,26.0252315,17.22266614
832,2016-04-11,25.88348766,17.08177742
833,2016-04-12,25.78899178,16.98785162
834,2016-04-13,25.72599452,16.92523441
835,2016-04-14,25.68399634,16.88348961
836,2016-04-15,25.65599756,16.85565974
837,2016-04-16,25.84923511,17.06286004
838,2016-04-17,26.00865184,17.23358476
839,2016-04-18,25.87243456,17.0890565
840,2016-04-19,25.78162304,16.99270434
841,2016-04-20,25.81211095,17.02544819
842,2016-04-21,25.78692177,16.99878811
843,2016-04-22,25.72461451,16.93252541
844,2016-04-23,25.68307634,16.88835027
845,2016-04-24,25.65538423,16.85890018
846,2016-04-25,25.71302897,16.92034728
847,2016-04-26,26.22077999,17.46130833
848,2016-04-27,26.97039934,18.11208985
849,2016-04-28,26.52852233,17.6906247
850,2016-04-29,27.12341044,18.25684855
851,2016-04-30,26.61560696,17.77123237
852,2016-05-01,26.2770713,17.44748825
853,2016-05-02,26.05138087,17.23165883
854,2016-05-03,25.90092058,17.08777255
855,2016-05-04,25.89164181,17.08882595
856,2016-05-05,25.79442787,16.99255064
857,2016-05-06,25.72961858,16.92836709
858,2016-05-07,25.68641239,16.82190356
859,2016-05-08,25.51635004,16.57650638
860,2016-05-09,25.49089068,16.54832498
861,2016-05-10,25.96667887,17.10034454
862,2016-05-11,25.84445258,17.00022969
863,2016-05-12,25.70386543,16.85016255
864,2016-05-13,25.71529653,16.88786696
865,2016-05-14,25.63061754,16.81713031
866,2016-05-15,25.36833215,16.56060503
867,2016-05-16,25.23910928,16.43714808
868,2016-05-17,25.00506427,16.20912149
869,2016-05-18,24.97221724,16.18666295
870,2016-05-19,25.56291133,16.81061105
871,2016-05-20,25.56291133,16.80707403
872,2016-05-21,25.4457288,16.66131037
873,2016-05-22,25.22741901,16.44672141
874,2016-05-23,25.60883827,16.83848113
875,2016-05-24,25.93910953,17.18059029
876,2016-05-25,25.84097963,17.06960458
877,2016-05-26,25.60998433,16.79513207
878,2016-05-27,25.28459361,16.45645962
879,2016-05-28,25.05131705,16.22313713
880,2016-05-29,24.71242341,15.87435934
881,2016-05-30,24.40759441,15.5622903
882,2016-05-31,24.06024591,15.20480125
883,2016-06-01,23.70495416,14.85066286
884,2016-06-02,23.35615366,14.5005711
885,2016-06-03,22.9576629,14.11452614
886,2016-06-04,22.61813499,13.78285532
887,2016-06-05,22.26604205,13.45070522
888,2016-06-06,21.88132681,13.07916866
889,2016-06-07,21.54134574,12.7550423
890,2016-06-08,21.26767792,12.4865461
891,2016-06-09,21.08588614,12.30135241
892,2016-06-10,21.37861874,12.61263335
893,2016-06-11,21.1841169,12.41600263
894,2016-06-12,20.90768921,12.14731402
895,2016-06-13,20.55970011,11.80910898
896,2016-06-14,20.24154776,11.49545603
897,2016-06-15,19.89521,11.1778162
898,2016-06-16,20.1310913,11.41242273
899,2016-06-17,21.47562025,12.84067044
900,2016-06-18,22.39329102,13.81528565
901,2016-06-19,22.43846982,13.86325669
902,2016-06-20,22.43846982,13.86325669
903,2016-06-21,22.75092322,14.19488918
904,2016-06-22,22.75092322,14.19488918
905,2016-06-23,22.83985821,14.28923328
906,2016-06-24,23.21824513,14.69051702
907,2016-06-25,23.2918644,14.58581904
908,2016-06-26,22.94132859,14.23899726
909,2016-06-27,22.84332738,14.14509522
910,2016-06-28,22.47771744,13.77412293
911,2016-06-29,22.06690507,13.3701097
912,2016-06-30,21.85912527,13.1647661
913,2016-07-01,21.838737,13.15839654
914,2016-07-02,23.27260422,14.67467341
915,2016-07-03,23.53738226,14.95457537
916,2016-07-04,23.53738226,14.95457537
917,2016-07-05,23.28050503,14.65479608
918,2016-07-06,23.02199843,14.41983417
919,2016-07-07,23.02582733,14.42742588
920,2016-07-08,23.77156715,15.21466452
921,2016-07-09,24.03515511,15.49287392
922,2016-07-10,24.19890747,15.61991772
923,2016-07-11,23.74098826,15.16695577
924,2016-07-12,23.36973401,14.82470892
925,2016-07-13,24.44176772,15.9550988
926,2016-07-14,25.77539167,17.2356235
927,2016-07-15,26.99751989,18.37390624
928,2016-07-16,26.7791294,18.11004517
929,2016-07-17,26.38608627,17.67336344
930,2016-07-18,26.16778427,17.42831326
931,2016-07-19,25.97852284,17.21887551
932,2016-07-20,25.61936375,16.785062
933,2016-07-21,25.16003015,16.34605518
934,2016-07-22,24.70383823,15.91842646
935,2016-07-23,24.24731827,15.49585883
936,2016-07-24,23.79432661,15.07768444
937,2016-07-25,23.35291444,14.67856784
938,2016-07-26,22.9702516,14.32943686
939,2016-07-27,24.47487771,15.91397072
940,2016-07-28,24.49635693,15.93659062
941,2016-07-29,26.20167744,17.6328595
942,2016-07-30,26.01543778,17.3703196
943,2016-07-31,26.93225371,18.23115726
944,2016-08-01,26.50248862,17.76918478
945,2016-08-02,26.4629896,17.72133196
946,2016-08-03,26.1753264,17.41422131
947,2016-08-04,26.02722535,17.25547467
948,2016-08-05,25.96229401,17.14503624
949,2016-08-06,25.97650533,17.15860633
950,2016-08-07,25.54962419,16.75575276
951,2016-08-08,25.79746943,17.0208398
952,2016-08-09,27.22874798,18.52383353
953,2016-08-10,27.75241179,19.04323729
954,2016-08-11,27.04926067,18.31057146
955,2016-08-12,26.58049326,17.82212757
956,2016-08-13,26.80567815,18.0627498
957,2016-08-14,26.47681479,17.71874086
958,2016-08-15,26.18454319,17.41249391
959,2016-08-16,25.98969546,17.20832927
960,2016-08-17,25.85979697,17.07221951
961,2016-08-18,25.77319798,16.98147968
962,2016-08-19,25.75913974,16.96698025
963,2016-08-20,26.25810914,17.49265158
964,2016-08-21,26.03873942,17.26176772
965,2016-08-22,26.56121269,17.81207802
966,2016-08-23,26.25512794,17.48979862
967,2016-08-24,26.09474586,17.32093947
968,2016-08-25,26.11884772,17.3463481
969,2016-08-26,26.60029874,17.85338501
970,2016-08-27,26.32485972,17.5633304
971,2016-08-28,26.08323982,17.30888693
972,2016-08-29,25.88097928,17.04662353
973,2016-08-30,25.64514739,16.82789172
974,2016-08-31,25.43858244,16.63953739
975,2016-09-01,25.41678421,16.62818162
976,2016-09-02,25.82653549,17.05265079
977,2016-09-03,25.64345685,16.85997272
978,2016-09-04,25.53387432,16.76827796
979,2016-09-05,25.24830695,16.49052086
980,2016-09-06,25.27956129,16.52370536
981,2016-09-07,25.06305992,16.31871118
982,2016-09-08,24.83015213,16.05563753
983,2016-09-09,24.80516878,16.01107072
984,2016-09-10,24.91471281,16.12643221
985,2016-09-11,25.11124768,16.33340429
986,2016-09-12,24.98556605,16.19292654
987,2016-09-13,24.73958085,15.94378219
988,2016-09-14,24.57927204,15.78857869
989,2016-09-15,24.34210358,15.5716389
990,2016-09-16,24.13108344,15.36697054
991,2016-09-17,23.97363628,15.21323826
992,2016-09-18,23.79058047,15.03150252
993,2016-09-19,23.63007549,14.87842913
994,2016-09-20,23.56263366,14.81936417
995,2016-09-21,23.5059172,14.76491526
996,2016-09-22,23.58665338,14.84432514
997,2016-09-23,23.53198719,14.79395052
998,2016-09-24,23.43374987,14.70239825
999,2016-09-25,23.34087943,14.6116224
1000,2016-09-26,23.32533514,14.59033727
1001,2016-09-27,23.27493412,14.53574334
1002,2016-09-28,24.73552114,16.07389652
1003,2016-09-29,26.38535444,17.71043444
1004,2016-09-30,26.13788911,17.42203623
1005,2016-10-01,25.95859274,17.21469082
1006,2016-10-02,25.83906183,17.07646055
1007,2016-10-03,25.75937455,16.98430703
1008,2016-10-04,25.7062497,16.92287135
1009,2016-10-05,25.67083313,16.88191424
1010,2016-10-06,25.64722209,16.85460949
1011,2016-10-07,25.63148139,16.83640633
1012,2016-10-08,25.6209876,16.82427088
1013,2016-10-09,25.61399173,16.81618059
1014,2016-10-10,25.60932782,16.81078706
1015,2016-10-11,25.60621855,16.80719137
1016,2016-10-12,25.6041457,16.80479425
1017,2016-10-13,25.6027638,16.80319617
1018,2016-10-14,25.61616427,16.81721404
1019,2016-10-15,25.62509847,16.82656011
1020,2016-10-16,25.61673231,16.81770674
1021,2016-10-17,25.61115487,16.81180449
1022,2016-10-18,25.60743658,16.80786966
1023,2016-10-19,25.60495772,16.80524644
1024,2016-10-20,25.60330515,16.80349763
1025,2016-10-21,25.60220343,16.80233175
1026,2016-10-22,25.67456433,16.87855958
1027,2016-10-23,25.66404509,16.86747667
1028,2016-10-24,25.68643185,16.8910677
1029,2016-10-25,25.83261934,17.04512937
1030,2016-10-26,25.81319664,17.02467452
1031,2016-10-27,25.75648806,16.96491802
1032,2016-10-28,25.74814031,16.95614528
1033,2016-10-29,25.69876021,16.90409685
1034,2016-10-30,25.66584014,16.8693979
1035,2016-10-31,25.64389343,16.84626527
1036,2016-11-01,25.62926228,16.83084351
1037,2016-11-02,25.63394885,16.83581782
1038,2016-11-03,25.62263257,16.82387855
1039,2016-11-04,25.61508838,16.81591903
1040,2016-11-05,25.61005892,16.81061269
1041,2016-11-06,25.60670595,16.80707513
1042,2016-11-07,25.60447063,16.80471675
1043,2016-11-08,25.60298042,16.8031445
1044,2016-11-09,25.60198695,16.80209633
1045,2016-11-10,25.60132463,16.80139756
1046,2016-11-11,25.60088309,16.8009317
1047,2016-11-12,25.60058873,16.80062114
1048,2016-11-13,25.60039248,16.80041409
1049,2016-11-14,25.6905475,16.89630602
1050,2016-11-15,26.20215399,17.44064677
1051,2016-11-16,26.07713329,17.30765865
1052,2016-11-17,26.88669941,18.09633127
1053,2016-11-18,26.92647264,18.13348519
1054,2016-11-19,27.02704723,18.23208837
1055,2016-11-20,26.72336392,17.92702828
1056,2016-11-21,27.87447302,19.07722082
1057,2016-11-22,27.41226863,18.61432294
1058,2016-11-23,26.98023929,18.18224901
1059,2016-11-24,26.52015953,17.72149934
1060,2016-11-25,26.21343969,17.41433289
1061,2016-11-26,26.20322573,17.38180209
1062,2016-11-27,26.00215049,17.18786806
1063,2016-11-28,25.86810032,17.05857871
1064,2016-11-29,25.77873355,16.9723858
1065,2016-11-30,25.7191557,16.93237842
1066,2016-12-01,25.67943713,16.88825228
1067,2016-12-02,25.65295809,16.85883485
1068,2016-12-03,25.63530539,16.83922323
1069,2016-12-04,25.62353693,16.82614882
1070,2016-12-05,25.61569129,16.81743255
1071,2016-12-06,25.61046086,16.8116217
1072,2016-12-07,25.6069739,16.8077478
1073,2016-12-08,25.60464927,16.8051652
1074,2016-12-09,25.60309951,16.80344347
1075,2016-12-10,25.60206634,16.80229564
1076,2016-12-11,25.60137756,16.80153043
1077,2016-12-12,25.60091837,16.80102029
1078,2016-12-13,25.60061225,16.80068019
1079,2016-12-14,25.60040817,16.80045346
1080,2016-12-15,25.60027211,16.80030231
1081,2016-12-16,25.60018141,16.80020154
1082,2016-12-17,25.60012094,16.80013436
1083,2016-12-18,25.60008063,16.80008957
1084,2016-12-19,27.04389512,18.12780321
1085,2016-12-20,26.95511681,17.99465265
1086,2016-12-21,26.75578736,17.78613904
1087,2016-12-22,26.37052491,17.45742603
1088,2016-12-23,26.11368327,17.23828402
1089,2016-12-24,25.94245551,17.09218935
1090,2016-12-25,25.82830368,16.9947929
1091,2016-12-26,25.75220245,16.92986193
1092,2016-12-27,25.7014683,16.88657462
1093,2016-12-28,25.66764553,16.85771641
1094,2016-12-29,25.64509702,16.83847761
1095,2016-12-30,26.19305614,17.27340473
1096,2016-12-31,26.39934532,17.74624293
1097,2017-01-01,26.13289688,17.43082862
1098,2017-01-02,25.95526459,17.22055241
1099,2017-01-03,25.8590399,17.10440478
1100,2017-01-04,25.77269327,17.10330016
1101,2017-01-05,25.71512885,17.05723041
1102,2017-01-06,25.67675256,16.97148694
1103,2017-01-07,25.65116838,16.91432463
1104,2017-01-08,25.63411225,16.87621642
1105,2017-01-09,25.6227415,16.85081094
1106,2017-01-10,25.615161,16.83387396
1107,2017-01-11,25.61010733,16.82258264
1108,2017-01-12,25.72916246,16.91541873
1109,2017-01-13,25.68610831,16.87694582
1110,2017-01-14,25.65740554,16.85129721
1111,2017-01-15,25.63827036,16.83419814
1112,2017-01-16,25.62551357,16.82279876
1113,2017-01-17,25.61700905,16.81519917
1114,2017-01-18,25.61133937,16.81013278
1115,2017-01-19,26.72253547,17.90080404
1116,2017-01-20,26.34835698,17.53386936
1117,2017-01-21,26.09890465,17.28924624
1118,2017-01-22,26.1532571,17.32638242
1119,2017-01-23,26.59955576,17.76115332
1120,2017-01-24,26.2663705,17.44076888
1121,2017-01-25,26.16497428,17.32754289
1122,2017-01-26,26.34394705,17.62689446
1123,2017-01-27,26.0959647,17.35126298
1124,2017-01-28,25.93064313,17.16750865
1125,2017-01-29,25.82042876,17.04500577
1126,2017-01-30,25.7469525,16.96333718
1127,2017-01-31,25.69796834,16.90889145
1128,2017-02-01,25.66531222,16.8725943
1129,2017-02-02,25.64354148,16.8483962
1130,2017-02-03,25.62902766,16.83226413
1131,2017-02-04,25.61935177,16.82150942
1132,2017-02-05,25.61290118,16.81433962
1133,2017-02-06,25.60860079,16.80955974
1134,2017-02-07,25.60573386,16.80637316
1135,2017-02-08,25.60382257,16.80424877
1136,2017-02-09,25.60254838,16.80283252
1137,2017-02-10,25.60169892,16.80188834
1138,2017-02-11,25.60113261,16.8012589
1139,2017-02-12,25.60075508,16.80083926
1140,2017-02-13,25.94014538,17.13613436
1141,2017-02-14,25.82676359,17.02408957
1142,2017-02-15,25.75117572,16.94939305
1143,2017-02-16,25.70078382,16.89959537
1144,2017-02-17,25.66718921,16.86639691
1145,2017-02-18,25.64479281,16.84426461
1146,2017-02-19,25.62986187,16.82950974
1147,2017-02-20,25.61990791,16.81967316
1148,2017-02-21,25.61327194,16.81311544
1149,2017-02-22,25.60884796,16.80874363
1150,2017-02-23,25.60589864,16.80582908
1151,2017-02-24,25.60393243,16.80388606
1152,2017-02-25,25.60262162,16.8025907
1153,2017-02-26,25.60174775,16.80172714
1154,2017-02-27,25.60116516,16.80115142
1155,2017-02-28,25.60077678,16.80076762
1156,2017-03-01,25.60051785,16.80051174
1157,2017-03-02,25.60034523,16.80034116
1158,2017-03-03,25.60023016,16.80022744
1159,2017-03-04,25.60015344,16.80015163
1160,2017-03-05,25.60010229,16.80010109
1161,2017-03-06,25.60006819,16.80006739
1162,2017-03-07,25.60004546,16.80004493
1163,2017-03-08,25.60003031,16.80002995
1164,2017-03-09,25.60002021,16.80001997
1165,2017-03-10,25.60001347,16.80001331
1166,2017-03-11,25.60000898,16.80000887
1167,2017-03-12,25.60000599,16.80000592
1168,2017-03-13,25.60000399,16.80000394
1169,2017-03-14,26.34363812,17.53556333
1170,2017-03-15,27.44134026,18.67993923
1171,2017-03-16,27.21446926,18.48529282
1172,2017-03-17,27.00925863,18.27611973
1173,2017-03-18,26.53950576,17.78407982
1174,2017-03-19,26.22633717,17.45605321
1175,2017-03-20,26.01755811,17.23736881
1176,2017-03-21,25.92782662,17.17594284
1177,2017-03-22,26.34259238,17.58914386
1178,2017-03-23,26.13142522,17.40755045
1179,2017-03-24,25.95428348,17.22103364
1180,2017-03-25,26.2234754,17.45392056
1181,2017-03-26,26.31193892,17.26853822
1182,2017-03-27,26.19550043,17.24113373
1183,2017-03-28,25.99700028,17.09408915
1184,2017-03-29,25.86466686,16.99605943
1185,2017-03-30,25.77644457,16.93070629
1186,2017-03-31,25.71762971,16.88713753
1187,2017-04-01,25.83285636,17.01945331
1188,2017-04-02,25.83134373,17.0273827
1189,2017-04-03,26.45704683,17.57951513
1190,2017-04-04,26.20195624,17.35226794
1191,2017-04-05,26.00130416,17.16817862
1192,2017-04-06,25.86753611,17.04545242
1193,2017-04-07,25.77835741,16.96363494
1194,2017-04-08,25.71890494,16.90908996
1195,2017-04-09,25.87625059,17.08258205
1196,2017-04-10,25.98114769,17.19824345
1197,2017-04-11,25.9145357,17.12988309
1198,2017-04-12,25.80969047,17.01992206
1199,2017-04-13,25.73979364,16.94661471
1200,2017-04-14,25.69319576,16.89774314
1201,2017-04-15,25.66213051,16.86516209
1202,2017-04-16,25.64142034,16.84344139
1203,2017-04-17,25.62761356,16.82896093
1204,2017-04-18,25.61840904,16.81930729
1205,2017-04-19,25.63651512,16.84767875
1206,2017-04-20,25.88653891,17.07604761
1207,2017-04-21,25.82161763,17.01662292
1208,2017-04-22,25.85369679,17.05729205
1209,2017-04-23,25.76913119,16.97152804
1210,2017-04-24,25.7276769,16.93025016
1211,2017-04-25,25.68511794,16.88683344
1212,2017-04-26,25.76269699,16.97076573
1213,2017-04-27,25.78457081,16.99492432
1214,2017-04-28,25.72304721,16.92994955
1215,2017-04-29,25.68203147,16.88663303
1216,2017-04-30,25.79123104,17.00322331
1217,2017-05-01,25.72748736,16.93548221
1218,2017-05-02,25.68499157,16.89032147
1219,2017-05-03,25.65666105,16.86021431
1220,2017-05-04,25.63777403,16.75743283
1221,2017-05-05,25.62518269,16.58164722
1222,2017-05-06,25.61678846,16.47999971
1223,2017-05-07,25.73206677,16.67316204
1224,2017-05-08,25.65557337,16.6211839
1225,2017-05-09,25.55560531,16.52356866
1226,2017-05-10,25.61383154,16.57125351
1227,2017-05-11,25.64103769,16.62411558
1228,2017-05-12,25.71838736,16.76203224
1229,2017-05-13,25.5995634,16.63966166
1230,2017-05-14,25.49845399,16.54646515
1231,2017-05-15,25.34134899,16.38554516
1232,2017-05-16,25.18638923,16.22988334
1233,2017-05-17,25.48185959,16.54466571
1234,2017-05-18,29.37575018,20.58382616
1235,2017-05-19,28.51834683,19.72601509
1236,2017-05-20,27.54556456,18.75067673
1237,2017-05-21,26.89704304,18.10045115
1238,2017-05-22,26.46469536,17.66696743
1239,2017-05-23,26.17646357,17.37797829
1240,2017-05-24,25.98430905,17.18531886
1241,2017-05-25,25.7909264,16.93645174
1242,2017-05-26,25.51301881,16.67849303
1243,2017-05-27,25.59110703,16.77090224
1244,2017-05-28,25.89692915,17.10323967
1245,2017-05-29,25.67305156,16.88307945
1246,2017-05-30,25.37872013,16.60938701
1247,2017-05-31,25.22654169,16.47831692
1248,2017-06-01,25.01722279,16.28881362
1249,2017-06-02,24.73506246,16.02760407
1250,2017-06-03,24.44741161,15.76110688
1251,2017-06-04,24.55210866,15.88208778
1252,2017-06-05,25.48269154,16.8489177
1253,2017-06-06,25.48269154,16.8326118
1254,2017-06-07,25.36366795,16.69948677
1255,2017-06-08,25.06270856,16.42088174
1256,2017-06-09,24.95133803,16.32903775
1257,2017-06-10,24.63379923,16.03860755
1258,2017-06-11,24.42687078,15.8545167
1259,2017-06-12,24.246992,15.69577301
1260,2017-06-13,23.88612245,15.36603303
1261,2017-06-14,23.51404429,15.02647674
1262,2017-06-15,23.13858832,14.68735987
1263,2017-06-16,22.79069486,14.37702613
1264,2017-06-17,22.9476052,14.5668911
1265,2017-06-18,22.59145799,14.2468331
1266,2017-06-19,22.19873078,13.89807088
1267,2017-06-20,21.83215282,13.57511035
1268,2017-06-21,23.2743009,15.10904773
1269,2017-06-22,23.43187865,15.27663872
1270,2017-06-23,23.43187865,15.27663872
1271,2017-06-24,24.19699612,16.09024104
1272,2017-06-25,25.84985869,17.58699662
1273,2017-06-26,27.12123972,18.69651872
1274,2017-06-27,26.65918674,18.11221014
1275,2017-06-28,26.30612449,17.67480676
1276,2017-06-29,26.07074966,17.38320451
1277,2017-06-30,25.91383311,17.18224759
1278,2017-07-01,25.50202903,16.80199098
1279,2017-07-02,25.09945737,16.43534611
1280,2017-07-03,26.23515859,17.58540755
1281,2017-07-04,26.36590187,17.68707197
1282,2017-07-05,26.27403205,17.56480811
1283,2017-07-06,26.06400524,17.32541677
1284,2017-07-07,25.90933682,17.15027785
1285,2017-07-08,25.6093692,16.86152357
1286,2017-07-09,25.24710882,16.53443465
1287,2017-07-10,25.35689209,16.66966471
1288,2017-07-11,25.06754866,16.41135686
1289,2017-07-12,26.0878775,17.43381851
1290,2017-07-13,25.92525167,17.22254567
1291,2017-07-14,26.03859969,17.31650457
1292,2017-07-15,25.76699244,17.04117098
1293,2017-07-16,25.89957523,17.17173064
1294,2017-07-17,25.73484784,17.00690149
1295,2017-07-18,26.0871059,17.35809337
1296,2017-07-19,25.83297592,17.09874697
1297,2017-07-20,25.55101089,16.83282084
1298,2017-07-21,25.32808913,16.63704891
1299,2017-07-22,25.11720572,16.45668875
1300,2017-07-23,24.88313741,16.25715624
1301,2017-07-24,25.26011764,16.66392044
1302,2017-07-25,24.95359354,16.38953991
1303,2017-07-26,24.54027878,16.014644
1304,2017-07-27,24.15159884,15.66532498
1305,2017-07-28,23.93875997,15.48314809
1306,2017-07-29,24.90232016,16.49972277
1307,2017-07-30,25.03387336,16.63847999
1308,2017-07-31,24.85462665,16.50502974
1309,2017-08-01,29.26265084,20.85028592
1310,2017-08-02,28.11498905,19.57738104
1311,2017-08-03,27.36421185,18.74387436
1312,2017-08-04,26.79048973,18.11103885
1313,2017-08-05,26.39365982,17.6740259
1314,2017-08-06,26.10493201,17.38268394
1315,2017-08-07,25.67783293,16.99823012
1316,2017-08-08,25.57399769,16.89052113
1317,2017-08-09,25.22975502,16.59222753
1318,2017-08-10,26.06607533,17.41246627
1319,2017-08-11,25.92504486,17.22340332
1320,2017-08-12,25.74445783,17.04766459
1321,2017-08-13,25.45578238,16.78549108
1322,2017-08-14,25.08776605,16.45658022
1323,2017-08-15,24.75087119,16.16257133
1324,2017-08-16,25.0129701,16.43323145
1325,2017-08-17,24.63977325,16.09656477
1326,2017-08-18,24.37518532,15.86366168
1327,2017-08-19,25.378381,16.88012173
1328,2017-08-20,25.55237962,16.97557864
1329,2017-08-21,25.55237962,16.91705242
1330,2017-08-22,25.57386066,16.89311667
1331,2017-08-23,25.34922721,16.70809989
1332,2017-08-24,25.14319888,16.52244447
1333,2017-08-25,25.2849134,16.69451149
1334,2017-08-26,25.10911948,16.54723064
1335,2017-08-27,24.89285015,16.35576041
1336,2017-08-28,24.62588675,16.12163081
1337,2017-08-29,25.04047021,16.55824588
1338,2017-08-30,24.98141462,16.51297543
1339,2017-08-31,24.81973667,16.38096096
1340,2017-09-01,25.14732204,16.72523112
1341,2017-09-02,24.87258397,16.47579901
1342,2017-09-03,24.60411966,16.22709194
1343,2017-09-04,24.34180756,15.98852122
1344,2017-09-05,24.10726306,15.77402343
1345,2017-09-06,23.94675912,15.61470737
1346,2017-09-07,23.90921855,15.59937152
1347,2017-09-08,24.27976594,15.98961037
1348,2017-09-09,25.13041387,16.85697537
1349,2017-09-10,28.59661233,20.20182497
1350,2017-09-11,27.59774156,19.06788332
1351,2017-09-12,27.71965749,19.11840021
1352,2017-09-13,28.66215522,20.00064683
1353,2017-09-14,27.64143681,18.93376455
1354,2017-09-15,26.96095787,18.2225097
1355,2017-09-16,26.68201745,17.93233648
1356,2017-09-17,26.32134497,17.55489099
1357,2017-09-18,26.08089664,17.30326066
1358,2017-09-19,25.97859649,17.19658797
1359,2017-09-20,25.88175503,17.09530945
1360,2017-09-21,25.83151474,17.04287214
1361,2017-09-22,25.75434316,16.96191476
1362,2017-09-23,25.71721611,16.92302487
1363,2017-09-24,25.69246475,16.89709827
1364,2017-09-25,25.66164316,16.86473218
1365,2017-09-26,25.64109544,16.84315479
1366,2017-09-27,25.62739696,16.82876986
1367,2017-09-28,25.61826464,16.81917991
1368,2017-09-29,25.61217643,16.8127866
1369,2017-09-30,25.60811762,16.8085244
1370,2017-10-01,25.85244334,17.06584217
1371,2017-10-02,26.17500265,17.40554825
1372,2017-10-03,29.84759521,21.1201014
1373,2017-10-04,30.36945108,21.61890754
1374,2017-10-05,29.06010649,20.29329178
1375,2017-10-06,27.90673766,19.12886119
1376,2017-10-07,27.38702636,18.60639407
1377,2017-10-08,26.80567183,18.01934478
1378,2017-10-09,26.46178136,17.6763816
1379,2017-10-10,26.32470757,17.53569611
1380,2017-10-11,26.14172832,17.35160541
1381,2017-10-12,25.97547386,17.18282008
1382,2017-10-13,25.86463795,17.0702971
1383,2017-10-14,26.51897058,17.73299296
1384,2017-10-15,26.22697043,17.43708099
1385,2017-10-16,26.10908971,17.32160643
1386,2017-10-17,25.93939314,17.14773762
1387,2017-10-18,25.8262621,17.03182508
1388,2017-10-19,25.7508414,16.95455005
1389,2017-10-20,25.70056093,16.90303337
1390,2017-10-21,25.66704062,16.86868891
1391,2017-10-22,25.64469375,16.84579261
1392,2017-10-23,25.62979583,16.83052841
1393,2017-10-24,25.61986389,16.82035227
1394,2017-10-25,25.88577195,17.09980222
1395,2017-10-26,25.79051463,16.99986815
1396,2017-10-27,25.72700976,16.93324543
1397,2017-10-28,26.83517496,18.05861712
1398,2017-10-29,26.42406552,17.64191402
1399,2017-10-30,26.14937701,17.36127602
1400,2017-10-31,25.96625134,17.17418401
1401,2017-11-01,25.84416756,17.04945601
1402,2017-11-02,26.83989497,18.04542599
1403,2017-11-03,26.6378799,17.85349806
1404,2017-11-04,26.29191993,17.50233204
1405,2017-11-05,26.06127995,17.26822136
1406,2017-11-06,26.48882068,17.69982356
1407,2017-11-07,26.19254712,17.39988237
1408,2017-11-08,25.99503141,17.19992158
1409,2017-11-09,26.54101743,17.74709538
1410,2017-11-10,26.22734495,17.43139692
1411,2017-11-11,26.01822997,17.22093128
1412,2017-11-12,26.06651794,17.26979592
1413,2017-11-13,25.91101196,17.11319728
1414,2017-11-14,25.8073413,17.00879819
1415,2017-11-15,25.73822754,16.93919879
1416,2017-11-16,25.69215169,16.89279919
1417,2017-11-17,25.66143446,16.86186613
1418,2017-11-18,25.64095631,16.84124409
1419,2017-11-19,25.6273042,16.82749606
1420,2017-11-20,25.6182028,16.81833071
1421,2017-11-21,25.6121352,16.81222047
1422,2017-11-22,25.60809013,16.80814698
1423,2017-11-23,25.60539342,16.80543132
1424,2017-11-24,26.03342963,17.23157096
1425,2017-11-25,25.88895308,17.08771397
1426,2017-11-26,25.79263539,16.99180932
1427,2017-11-27,25.72842359,16.92787288
1428,2017-11-28,25.68561573,16.88524859
1429,2017-11-29,25.65707715,16.85683239
1430,2017-11-30,25.63805143,16.83788826
1431,2017-12-01,25.62536762,16.82525884
1432,2017-12-02,25.61691175,16.81683923
1433,2017-12-03,25.6112745,16.81122615
1434,2017-12-04,25.60751633,16.8074841
1435,2017-12-05,25.60501089,16.8049894
1436,2017-12-06,25.60334059,16.80332627
1437,2017-12-07,25.60222706,16.80221751
1438,2017-12-08,25.86353768,17.06132808
1439,2017-12-09,25.78732815,16.99021872
1440,2017-12-10,25.72488543,16.92681248
1441,2017-12-11,25.68325696,16.88454165
1442,2017-12-12,25.65550464,16.8563611
1443,2017-12-13,25.63700309,16.83757407
1444,2017-12-14,25.62466873,16.82504938
1445,2017-12-15,25.61644582,16.81669959
1446,2017-12-16,25.61096388,16.81113306
1447,2017-12-17,25.60730925,16.80742204
1448,2017-12-18,25.60487284,16.80494803
1449,2017-12-19,25.60324856,16.80329868
1450,2017-12-20,25.6021657,16.80219912
1451,2017-12-21,25.6014438,16.80146608
1452,2017-12-22,25.60096254,16.80097739
1453,2017-12-23,25.60064169,16.80065159
1454,2017-12-24,25.60042779,16.80043439
1455,2017-12-25,25.6002852,16.8002896
1456,2017-12-26,25.60019013,16.80019306
1457,2017-12-27,25.60012675,16.80012871
1458,2017-12-28,25.6000845,16.80008581
1459,2017-12-29,25.60005633,16.8000572
1460,2017-12-30,25.60003756,16.80003814
1461,2017-12-31,25.60002504,16.80002542
1462,2018-01-01,25.60001669,16.80001695
1463,2018-01-02,25.60001113,16.8000113
1464,2018-01-03,25.60000742,16.80000753
1465,2018-01-04,25.60000495,16.80000502
1466,2018-01-05,25.6000033,16.80000335
1467,2018-01-06,25.6000022,16.80000223
1468,2018-01-07,25.60000147,16.80000149
1469,2018-01-08,25.60000098,16.80000099
1470,2018-01-09,25.60000065,16.80000066
1471,2018-01-10,25.60000043,16.80000044
1472,2018-01-11,25.60000029,16.80000029
1473,2018-01-12,25.60000019,16.8000002
1474,2018-01-13,25.60000013,16.80000013
1475,2018-01-14,25.60000009,16.80000009
1476,2018-01-15,25.60000006,16.80000006
1477,2018-01-16,25.60000004,16.80000004
1478,2018-01-17,25.60000003,16.80000003
1479,2018-01-18,25.60000002,16.80000002
1480,2018-01-19,25.60000001,16.80000001
1481,2018-01-20,25.60000001,16.80000001
1482,2018-01-21,25.60000001,16.80000001
1483,2018-01-22,25.6,16.8
1484,2018-01-23,25.6,16.8
1485,2018-01-24,25.6,16.8
1486,2018-01-25,25.7127556,16.92314122
1487,2018-01-26,25.6751704,16.88209414
1488,2018-01-27,25.6501136,16.85472943
1489,2018-01-28,25.63340907,16.83648629
1490,2018-01-29,25.62227271,16.82432419
1491,2018-01-30,25.61484847,16.81621613
1492,2018-01-31,25.60989898,16.81081075
1493,2018-02-01,25.60659932,16.80720717
1494,2018-02-02,25.60439955,16.80480478
1495,2018-02-03,25.60293303,16.80320319
1496,2018-02-04,25.60195535,16.80213546
1497,2018-02-05,25.60130357,16.80142364
1498,2018-02-06,25.60086905,16.80094909
1499,2018-02-07,25.60057936,16.80063273
1500,2018-02-08,25.60038624,16.80042182
1501,2018-02-09,25.6002575,16.80028121
1502,2018-02-10,25.60017166,16.80018747
1503,2018-02-11,25.60011444,16.80012498
1504,2018-02-12,25.60007629,16.80008332
1505,2018-02-13,25.60005086,16.80005555
1506,2018-02-14,25.60003391,16.80003703
1507,2018-02-15,25.60002261,16.80002469
1508,2018-02-16,25.60001507,16.80001646
1509,2018-02-17,25.60001005,16.80001097
1510,2018-02-18,25.6000067,16.80000731
1511,2018-02-19,25.60000447,16.80000488
1512,2018-02-20,25.60000298,16.80000325
1513,2018-02-21,25.60000198,16.80000217
1514,2018-02-22,25.60000132,16.80000144
1515,2018-02-23,25.60000088,16.80000096
1516,2018-02-24,25.60000059,16.80000064
1517,2018-02-25,25.60000039,16.80000043
1518,2018-02-26,25.60000026,16.80000029
1519,2018-02-27,25.60000017,16.80000019
1520,2018-02-28,25.60000012,16.80000013
1521,2018-03-01,25.60000008,16.80000008
1522,2018-03-02,25.60000005,16.80000006
1523,2018-03-03,25.60000003,16.80000004
1524,2018-03-04,25.60000002,16.80000003
1525,2018-03-05,25.60000002,16.80000002
1526,2018-03-06,25.60000001,16.80000001
1527,2018-03-07,25.60000001,16.80000001
1528,2018-03-08,25.6,16.8
1529,2018-03-09,25.6,16.8
1530,2018-03-10,25.6,16.8
1531,2018-03-11,25.6,16.8
1532,2018-03-12,25.6,16.8
1533,2018-03-13,25.6,16.8
1534,2018-03-14,25.6,16.8
1535,2018-03-15,25.6,16.8
1536,2018-03-16,25.6,16.8
1537,2018-03-17,25.6,16.8
1538,2018-03-18,25.77890909,16.98618182
1539,2018-03-19,25.71927273,16.92412121
1540,2018-03-20,25.67951515,16.88274747
1541,2018-03-21,25.77082828,16.95116498
1542,2018-03-22,25.71388552,16.90077666
1543,2018-03-23,25.67592368,16.86718444
1544,2018-03-24,25.65061579,16.84478962
1545,2018-03-25,25.63374386,16.82985975
1546,2018-03-26,25.62249591,16.8199065
1547,2018-03-27,25.61499727,16.813271
1548,2018-03-28,25.60999818,16.80884733
1549,2018-03-29,25.60666545,16.80589822
1550,2018-03-30,25.60444364,16.80393215
1551,2018-03-31,25.60296242,16.80262143
1552,2018-04-01,25.60197495,16.80174762
1553,2018-04-02,25.60131663,16.80116508
1554,2018-04-03,25.60087776,16.80077672
1555,2018-04-04,25.60058517,16.80051781
1556,2018-04-05,25.60039011,16.80034521
1557,2018-04-06,25.60026008,16.80023014
1558,2018-04-07,25.60017338,16.80015343
1559,2018-04-08,25.60011559,16.80010228
1560,2018-04-09,25.60007706,16.80006819
1561,2018-04-10,25.60005137,16.80004546
1562,2018-04-11,25.60003425,16.80003031
1563,2018-04-12,25.60002283,16.8000202
1564,2018-04-13,25.60001522,16.80001347
1565,2018-04-14,25.60001015,16.80000898
1566,2018-04-15,25.60000677,16.80000599
1567,2018-04-16,25.60000451,16.80000399
1568,2018-04-17,25.60000301,16.80000266
1569,2018-04-18,25.600002,16.80000177
1570,2018-04-19,25.60000134,16.80000118
1571,2018-04-20,25.62984644,16.83179706
1572,2018-04-21,25.61989763,16.82119804
1573,2018-04-22,25.61326508,16.8007764
1574,2018-04-23,25.74314837,16.94360083
1575,2018-04-24,25.88942832,17.10240967
1576,2018-04-25,25.79295221,17.00160645
1577,2018-04-26,25.72863481,16.9172265
1578,2018-04-27,25.68575654,16.77938938
1579,2018-04-28,25.64841576,16.64495502
1580,2018-04-29,25.50665243,16.51038785
1581,2018-04-30,25.38765019,16.39892185
1582,2018-05-01,25.66735231,16.73278273
1583,2018-05-02,25.95827982,17.08904937
1584,2018-05-03,25.98808096,17.15168095
1585,2018-05-04,26.29148112,17.49549995
1586,2018-05-05,26.06098741,17.26366663
1587,2018-05-06,25.90732494,17.10911109
1588,2018-05-07,25.87949717,17.08556474
1589,2018-05-08,25.78633145,16.9903765
1590,2018-05-09,25.68586455,16.85497601
1591,2018-05-10,25.43531304,16.62178702
1592,2018-05-11,25.17306442,16.37979767
1593,2018-05-12,24.89862996,16.12760712
1594,2018-05-13,24.60960974,15.86047197
1595,2018-05-14,24.30566429,15.58239619
1596,2018-05-15,24.01539897,15.32325802
1597,2018-05-16,23.67829536,15.01927194
1598,2018-05-17,23.60513661,14.97589328
1599,2018-05-18,23.27033404,14.66939873
1600,2018-05-19,22.93700278,14.3738442
1601,2018-05-20,22.65679889,14.1277853
1602,2018-05-21,22.30510035,13.81693489
1603,2018-05-22,21.95271052,13.50508837
1604,2018-05-23,21.57861125,13.17546721
1605,2018-05-24,21.21755727,12.85906212
1606,2018-05-25,20.86495586,12.54932524
1607,2018-05-26,20.49643749,12.22965157
1608,2018-05-27,20.10436993,11.88732262
1609,2018-05-28,19.71179263,11.54440674
1610,2018-05-29,19.32037873,11.20482726
1611,2018-05-30,18.91583125,10.85519844
1612,2018-05-31,18.50342626,10.50086853
1613,2018-06-01,18.3512323,10.38455977
1614,2018-06-02,17.92948541,10.02294699
1615,2018-06-03,17.57056582,9.71739539
1616,2018-06-04,17.19032968,9.396629542
1617,2018-06-05,16.87676494,9.123529392
1618,2018-06-06,16.57841224,8.874281551
1619,2018-06-07,16.37923009,8.717060507
1620,2018-06-08,16.049128,8.468878952
1621,2018-06-09,15.69213189,8.226616613
1622,2018-06-10,15.3410692,8.011640106
1623,2018-06-11,14.95301184,7.795338883
1624,2018-06-12,15.00000082,7.959912496
1625,2018-06-13,14.99881824,8.108273488
1626,2018-06-14,14.72737586,7.974376071
1627,2018-06-15,15.04048259,8.373363316
1628,2018-06-16,14.99552914,8.466366847
1629,2018-06-17,14.62731366,8.219586218
1630,2018-06-18,16.23542633,9.926903495
1631,2018-06-19,16.76366322,10.48760454
1632,2018-06-20,16.76366322,10.48760454
1633,2018-06-21,16.76366322,10.48760454
1634,2018-06-22,18.43256967,12.25801625
1635,2018-06-23,18.52036021,12.3511331
1636,2018-06-24,18.52036021,12.3511331
1637,2018-06-25,18.52036021,12.3511331
1638,2018-06-26,18.23874832,12.1580855
1639,2018-06-27,17.83320573,11.79697062
1640,2018-06-28,18.35716689,12.35188909
1641,2018-06-29,18.1729117,12.19022715
1642,2018-06-30,17.80535358,11.8703176
1643,2018-07-01,17.38668463,11.49756013
1644,2018-07-02,16.96917355,11.12722574
1645,2018-07-03,16.57816835,10.78087301
1646,2018-07-04,16.29302862,10.53962086
1647,2018-07-05,15.92047302,10.21231165
1648,2018-07-06,15.72677229,10.03851111
1649,2018-07-07,15.31495324,9.683639619
1650,2018-07-08,14.87035039,9.294895336
1651,2018-07-09,14.48229651,8.947715178
1652,2018-07-10,14.13590563,8.669703656
1653,2018-07-11,13.69436358,8.342417307
1654,2018-07-12,13.29641999,8.079771626
1655,2018-07-13,12.89434907,7.854734851
1656,2018-07-14,12.45610337,7.625642506
1657,2018-07-15,12.04484752,7.428513011
1658,2018-07-16,11.62574621,7.256558299
1659,2018-07-17,11.26883415,7.108676276
1660,2018-07-18,10.93348575,6.985236361
1661,2018-07-19,10.61051413,6.875738727
1662,2018-07-20,10.30796274,6.787214801
1663,2018-07-21,10.04017516,6.722393194
1664,2018-07-22,9.963132248,6.72303592
1665,2018-07-23,19.4603334,16.34772562
1666,2018-07-24,19.4603334,16.34772562
1667,2018-07-25,19.4603334,16.34772562
1668,2018-07-26,22.88740287,18.91590523
1669,2018-07-27,22.88740287,18.21060348
1670,2018-07-28,22.88740287,17.74040232
1671,2018-07-29,25.09105555,18.98019371
1672,2018-07-30,27.0327376,20.03831762
1673,2018-07-31,26.5551584,18.95887841
1674,2018-08-01,26.23677227,18.23925227
1675,2018-08-02,28.60968818,20.38938305
1676,2018-08-03,27.60645879,19.19292203
1677,2018-08-04,26.93763919,18.39528136
1678,2018-08-05,26.62061359,17.99920893
1679,2018-08-06,26.40926318,17.73516065
1680,2018-08-07,25.89602918,17.25750244
1681,2018-08-08,25.70842057,17.04682367
1682,2018-08-09,25.30407812,16.68229727
1683,2018-08-10,25.20144556,16.62528191
1684,2018-08-11,24.85183117,16.3108386
1685,2018-08-12,24.46635409,15.97092643
1686,2018-08-13,24.16125959,15.69997048
1687,2018-08-14,23.90000211,15.47754281
1688,2018-08-15,23.5442482,15.15808262
1689,2018-08-16,23.24701686,14.91069344
1690,2018-08-17,22.9007724,14.60793991
1691,2018-08-18,23.15799858,14.90710192
1692,2018-08-19,22.90593215,14.70597308
1693,2018-08-20,22.51700455,14.36320779
1694,2018-08-21,22.14972591,14.03972563
1695,2018-08-22,22.47186122,14.3789457
1696,2018-08-23,22.30496859,14.25076748
1697,2018-08-24,22.69153096,14.65783156
1698,2018-08-25,23.03514196,15.0196663
1699,2018-08-26,24.58139144,16.64792263
1700,2018-08-27,24.58139144,16.64792263
1701,2018-08-28,24.58139144,16.64792263
1702,2018-08-29,24.58139144,16.64792263
1703,2018-08-30,24.94647812,16.95491469
1704,2018-08-31,24.94647812,16.90327646
1705,2018-09-01,24.94211777,16.86885098
1706,2018-09-02,24.65901731,16.63459258
1707,2018-09-03,24.35714294,16.36457516
1708,2018-09-04,24.40085154,16.45601514
1709,2018-09-05,24.1009344,16.1882368
1710,2018-09-06,23.87136402,15.98416286
1711,2018-09-07,23.61136954,15.75373819
1712,2018-09-08,23.38793875,15.56169343
1713,2018-09-09,23.36892968,15.54751164
1714,2018-09-10,23.81991911,16.02241974
1715,2018-09-11,24.1635301,16.38425448
1716,2018-09-12,24.3353356,16.56517185
1717,2018-09-13,24.3353356,16.56517185
1718,2018-09-14,24.18945257,16.47383513
1719,2018-09-15,24.4686365,16.76782586
1720,2018-09-16,24.30715152,16.62005515
1721,2018-09-17,24.36801499,16.69462461
1722,2018-09-18,24.19968164,16.54771926
1723,2018-09-19,25.25199032,17.37055877
1724,2018-09-20,25.35936875,17.25575475
1725,2018-09-21,25.81182441,17.49582413
1726,2018-09-22,26.02755877,17.56541171
1727,2018-09-23,25.88503918,17.31027447
1728,2018-09-24,25.79002612,17.14018298
1729,2018-09-25,25.72668408,17.02678865
1730,2018-09-26,25.95648143,17.23764494
1731,2018-09-27,25.83765428,17.09176329
1732,2018-09-28,25.75843619,16.99450886
1733,2018-09-29,25.80584574,17.03521028
1734,2018-09-30,25.73723049,16.95680685
1735,2018-10-01,25.72012207,16.93469202
1736,2018-10-02,25.68008138,16.88979468
1737,2018-10-03,25.72497664,16.93525043
1738,2018-10-04,25.68331776,16.89016696
1739,2018-10-05,26.14236617,17.37276787
1740,2018-10-06,25.96157745,17.18184525
1741,2018-10-07,25.84105163,17.0545635
1742,2018-10-08,25.88957716,17.1054295
1743,2018-10-09,25.80737171,17.01870076
1744,2018-10-10,25.73824781,16.94580051
1745,2018-10-11,25.6921652,16.89720034
1746,2018-10-12,25.66144347,16.86480023
1747,2018-10-13,25.64096231,16.84320015
1748,2018-10-14,25.62730821,16.8288001
1749,2018-10-15,25.83317524,17.0456611
1750,2018-10-16,25.75545016,16.96377407
1751,2018-10-17,25.7323142,16.93940417
1752,2018-10-18,25.68820947,16.89293612
1753,2018-10-19,25.65880631,16.86195741
1754,2018-10-20,25.68229921,16.88674509
1755,2018-10-21,26.28747829,17.52508743
1756,2018-10-22,26.07271181,17.29857884
1757,2018-10-23,25.91514121,17.13238589
1758,2018-10-24,25.81009414,17.02159059
1759,2018-10-25,25.74006276,16.94772706
1760,2018-10-26,25.69337517,16.89848471
1761,2018-10-27,25.66225012,16.86565647
1762,2018-10-28,25.64150008,16.84377098
1763,2018-10-29,25.62766672,16.82918065
1764,2018-10-30,25.61844448,16.81945377
1765,2018-10-31,27.09784207,18.45828748
1766,2018-11-01,26.60100014,17.90951739
1767,2018-11-02,26.9134507,18.18802664
1768,2018-11-03,26.4779796,17.72879754
1769,2018-11-04,26.20136599,17.4371058
1770,2018-11-05,26.00091066,17.2247372
1771,2018-11-06,25.93026351,17.14857306
1772,2018-11-07,25.98997364,17.20282003
1773,2018-11-08,25.86037894,17.06930429
1774,2018-11-09,25.96679241,17.17305411
1775,2018-11-10,26.35359204,17.55801886
1776,2018-11-11,26.7326424,17.93578801
1777,2018-11-12,27.25172133,18.45407513
1778,2018-11-13,26.7249825,17.92681673
1779,2018-11-14,26.34998833,17.55121116
1780,2018-11-15,26.20971541,17.41112153
1781,2018-11-16,26.0530102,17.25404806
1782,2018-11-17,25.9020068,17.10269871
1783,2018-11-18,25.80133787,17.00179914
1784,2018-11-19,25.73422525,16.93453276
1785,2018-11-20,25.6894835,16.88968851
1786,2018-11-21,25.65965566,16.85979234
1787,2018-11-22,25.63977044,16.83986156
1788,2018-11-23,25.62651363,16.82657437
1789,2018-11-24,25.61767575,16.81771625
1790,2018-11-25,25.61178384,16.81181083
1791,2018-11-26,25.60785589,16.80787389
1792,2018-11-27,25.60523726,16.80524926
1793,2018-11-28,25.60349151,16.80349951
1794,2018-11-29,25.60232767,16.802333
1795,2018-11-30,25.60155178,16.80155534
1796,2018-12-01,25.60103452,16.80103689
1797,2018-12-02,25.60068968,16.80069126
1798,2018-12-03,25.60045979,16.80046084
1799,2018-12-04,25.60030652,16.80030723
1800,2018-12-05,25.60020435,16.80020482
1801,2018-12-06,25.60013623,16.80013655
1802,2018-12-07,25.60009082,16.80009103
1803,2018-12-08,25.60006055,16.80006069
1804,2018-12-09,25.60004037,16.80004046
1805,2018-12-10,25.60002691,16.80002697
1806,2018-12-11,25.60001794,16.80001798
1807,2018-12-12,25.60001196,16.80001199
1808,2018-12-13,25.60000797,16.80000799
1809,2018-12-14,25.60000532,16.80000533
1810,2018-12-15,25.60000354,16.80000355
1811,2018-12-16,25.60000236,16.80000237
1812,2018-12-17,25.60000157,16.80000158
1813,2018-12-18,25.60000105,16.80000105
1814,2018-12-19,25.6000007,16.8000007
1815,2018-12-20,25.60000047,16.80000047
1816,2018-12-21,25.60000031,16.80000031
1817,2018-12-22,25.60000021,16.80000021
1818,2018-12-23,25.60000014,16.80000014
1819,2018-12-24,25.60000009,16.80000009
1820,2018-12-25,25.60000006,16.80000006
1821,2018-12-26,25.60000004,16.80000004
1822,2018-12-27,25.60000003,16.80000003
1823,2018-12-28,25.60000002,16.80000002
1824,2018-12-29,25.60000001,16.80000001
1825,2018-12-30,25.60000001,16.80000001
1826,2018-12-31,25.60000001,16.80000001
1827,2019-01-01,25.6,16.8
1828,2019-01-02,25.6,16.8
1829,2019-01-03,25.6,16.8
1830,2019-01-04,25.6,16.8
1831,2019-01-05,25.6,16.8
1832,2019-01-06,25.6,16.8
1833,2019-01-07,25.6,16.8
1834,2019-01-08,25.6,16.8
1835,2019-01-09,25.6,16.8
1836,2019-01-10,25.6,16.8
1837,2019-01-11,25.6,16.8
1838,2019-01-12,25.6,16.8
1839,2019-01-13,25.6,16.8
1840,2019-01-14,25.6,16.8
1841,2019-01-15,25.6,16.8
1842,2019-01-16,25.6,16.8
1843,2019-01-17,25.6,16.8
1844,2019-01-18,25.6,16.8
1845,2019-01-19,25.6,16.8
1846,2019-01-20,25.6,16.8
1847,2019-01-21,25.6,16.8
1848,2019-01-22,25.6,16.8
1849,2019-01-23,25.6,16.8
1850,2019-01-24,25.6,16.8
1851,2019-01-25,25.6,16.8
1852,2019-01-26,25.6,16.8
1853,2019-01-27,25.6,16.8
1854,2019-01-28,25.6,16.8
1855,2019-01-29,25.6,16.8
1856,2019-01-30,25.6,16.8
1857,2019-01-31,25.6,16.8
1858,2019-02-01,25.6,16.8
1859,2019-02-02,25.6,16.8
1860,2019-02-03,25.6,16.8
1861,2019-02-04,25.6,16.8
1862,2019-02-05,25.6,16.8
1863,2019-02-06,25.6,16.8
1864,2019-02-07,25.6,16.8
1865,2019-02-08,25.6,16.8
1866,2019-02-09,25.6,16.8
1867,2019-02-10,25.6,16.8
1868,2019-02-11,25.6,16.8
1869,2019-02-12,25.6,16.8
1870,2019-02-13,25.6,16.8
1871,2019-02-14,25.6,16.8
1872,2019-02-15,25.6,16.8
1873,2019-02-16,25.6,16.8
1874,2019-02-17,25.6,16.8
1875,2019-02-18,25.6,16.8
1876,2019-02-19,25.6,16.8
1877,2019-02-20,25.6,16.8
1878,2019-02-21,25.6,16.8
1879,2019-02-22,25.6,16.8
1880,2019-02-23,25.6,16.8
1881,2019-02-24,25.6,16.8
1882,2019-02-25,25.6,16.8
1883,2019-02-26,25.6,16.8
1884,2019-02-27,25.6,16.8
1885,2019-02-28,25.6,16.8
1886,2019-03-01,25.6,16.8
1887,2019-03-02,25.6,16.8
1888,2019-03-03,25.6,16.8
1889,2019-03-04,25.6,16.8
1890,2019-03-05,25.6,16.8
1891,2019-03-06,25.6,16.8
1892,2019-03-07,25.6,16.8
1893,2019-03-08,25.6,16.8
1894,2019-03-09,25.6,16.8
1895,2019-03-10,25.6,16.8
1896,2019-03-11,25.6,16.8
1897,2019-03-12,25.6,16.8
1898,2019-03-13,25.6,16.8
1899,2019-03-14,25.6,16.8
1900,2019-03-15,25.6,16.8
1901,2019-03-16,25.6,16.8
1902,2019-03-17,25.6,16.8
1903,2019-03-18,25.6,16.8
1904,2019-03-19,25.6,16.8
1905,2019-03-20,25.6,16.8
1906,2019-03-21,25.6,16.8
1907,2019-03-22,25.6,16.8
1908,2019-03-23,25.6,16.8
1909,2019-03-24,25.6,16.8
1910,2019-03-25,25.6,16.8
1911,2019-03-26,25.6,16.8
1912,2019-03-27,25.6,16.8
1913,2019-03-28,25.6,16.8
1914,2019-03-29,25.6,16.8
1915,2019-03-30,25.6,16.8
1916,2019-03-31,25.6,16.8
1917,2019-04-01,25.6,16.8
1918,2019-04-02,25.6,16.8
1919,2019-04-03,25.6,16.8
1920,2019-04-04,25.6,16.8
1921,2019-04-05,25.6,16.8
1922,2019-04-06,25.6,16.8
1923,2019-04-07,25.6,16.8
1924,2019-04-08,25.6,16.8
1925,2019-04-09,25.6,16.8
1926,2019-04-10,25.6,16.8
1927,2019-04-11,25.6,16.8
1928,2019-04-12,25.6,16.8
1929,2019-04-13,25.6,16.8
1930,2019-04-14,25.6,16.78235829
1931,2019-04-15,25.6,16.69222053
1932,2019-04-16,25.58020271,16.59092994
1933,2019-04-17,25.46684138,16.48054678
1934,2019-04-18,25.34456585,16.36576434
1935,2019-04-19,25.22241476,16.25173877
1936,2019-04-20,25.07333164,16.11059367
1937,2019-04-21,25.02219466,16.06246259
1938,2019-04-22,24.88644514,15.94044743
1939,2019-04-23,24.70453887,15.77300573
1940,2019-04-24,24.51231496,15.59795032
1941,2019-04-25,24.32334996,15.42672016
1942,2019-04-26,24.12363772,15.24659885
1943,2019-04-27,23.92041729,15.06334315
1944,2019-04-28,23.71360395,14.87835068
1945,2019-04-29,23.50715806,14.69791225
1946,2019-04-30,23.35827107,14.56810227
1947,2019-05-01,23.53731856,14.75884736
1948,2019-05-02,23.53222855,14.75884736
1949,2019-05-03,23.41084827,14.6508659
1950,2019-05-04,23.30038062,14.55073461
1951,2019-05-05,23.14398713,14.40758215
1952,2019-05-06,23.83776922,15.14668544
1953,2019-05-07,25.15817405,16.55334173
1954,2019-05-08,25.2029329,16.6010242
1955,2019-05-09,25.2029329,16.6010242
1956,2019-05-10,25.2029329,16.6010242
1957,2019-05-11,25.2029329,16.6010242
1958,2019-05-12,26.15570883,17.54132769
1959,2019-05-13,25.97047255,17.29421846
1960,2019-05-14,25.8469817,17.12947897
1961,2019-05-15,25.76465447,17.01965265
1962,2019-05-16,25.70976964,16.9464351
1963,2019-05-17,25.67317976,16.8976234
1964,2019-05-18,25.62756489,16.776478
1965,2019-05-19,25.36674153,16.5370874
1966,2019-05-20,25.1034881,16.29536194
1967,2019-05-21,24.85761199,16.07035509
1968,2019-05-22,24.7830735,16.02024588
1969,2019-05-23,25.93331422,17.21497361
1970,2019-05-24,26.31320633,17.59944539
1971,2019-05-25,26.10522406,17.36464287
1972,2019-05-26,25.96656405,17.20810127
1973,2019-05-27,25.84437603,17.07206751
1974,2019-05-28,25.98591879,17.21878511
1975,2019-05-29,25.96132484,17.18995223
1976,2019-05-30,26.70277013,17.97744931
1977,2019-05-31,26.7362974,18.01193421
1978,2019-06-01,26.43179771,17.68700528
1979,2019-06-02,26.15453181,17.39133685
1980,2019-06-03,26.97850128,18.22729606
1981,2019-06-04,27.11987382,18.35844024
1982,2019-06-05,26.61324921,17.83896016
1983,2019-06-06,26.27549948,17.49264011
1984,2019-06-07,26.05033298,17.26176007
1985,2019-06-08,25.90022199,17.08546375
1986,2019-06-09,25.57021694,16.77854554
1987,2019-06-10,25.25228663,16.49221129
1988,2019-06-11,24.9507291,16.22456764
1989,2019-06-12,24.60097933,15.91040308
1990,2019-06-13,24.27528248,15.6176893
1991,2019-06-14,23.95603464,15.32734142
1992,2019-06-15,23.72372011,15.11877981
1993,2019-06-16,23.37034476,14.80058614
1994,2019-06-17,24.11585205,15.59111889
1995,2019-06-18,23.93252002,15.43527323
1996,2019-06-19,23.79554251,15.33831892
1997,2019-06-20,24.09514181,15.65253732
1998,2019-06-21,23.76318527,15.33792036
1999,2019-06-22,23.79939525,15.40427815
2000,2019-06-23,23.37959515,15.02609993
2001,2019-06-24,22.95412793,14.63809935
2002,2019-06-25,22.54153092,14.26183549
2003,2019-06-26,22.2175112,13.97465957
2004,2019-06-27,21.8227661,13.61769529
2005,2019-06-28,21.42774057,13.25603382
2006,2019-06-29,21.10054383,12.95781779
2007,2019-06-30,22.55141976,14.49040984
2008,2019-07-01,22.55141976,14.49040984
2009,2019-07-02,22.34321181,14.29469854
2010,2019-07-03,21.9198737,13.9097557
2011,2019-07-04,21.5068971,13.53589311
2012,2019-07-05,22.11173517,14.17423697
2013,2019-07-06,22.6299273,14.72104257
2014,2019-07-07,23.47167736,15.60915137
2015,2019-07-08,23.55797429,15.70018681
2016,2019-07-09,23.46270348,15.5812815
2017,2019-07-10,23.10178555,15.24627128
2018,2019-07-11,22.74394356,14.91302235
2019,2019-07-12,22.39394583,14.59642962
2020,2019-07-13,21.98360129,14.21796712
2021,2019-07-14,22.77994781,15.05728006
2022,2019-07-15,23.03814975,15.32938332
2023,2019-07-16,22.95928106,15.25903964
2024,2019-07-17,22.67521714,14.99424903
2025,2019-07-18,22.32933745,14.66822881
2026,2019-07-19,21.99641554,14.35763511
2027,2019-07-20,21.59169455,13.98088802
2028,2019-07-21,21.17591093,13.59675769
2029,2019-07-22,20.76210094,13.22441367
2030,2019-07-23,20.41911862,12.92904157
2031,2019-07-24,19.99049368,12.54352973
2032,2019-07-25,19.55073322,12.15765438
2033,2019-07-26,19.1319112,11.77506742
2034,2019-07-27,18.72254987,11.40382631
2035,2019-07-28,18.30874537,11.03346174
2036,2019-07-29,17.92914335,10.69788529
2037,2019-07-30,17.58206834,10.38320663
2038,2019-07-31,17.15049932,9.998797439
2039,2019-08-01,16.7263199,9.617109955
2040,2019-08-02,16.46571566,9.380821563
2041,2019-08-03,16.15719585,9.106622995
2042,2019-08-04,15.7651949,8.764132509
2043,2019-08-05,15.48511082,8.539739974
2044,2019-08-06,16.21549756,9.308954406
2045,2019-08-07,16.08310214,9.2489216
2046,2019-08-08,16.64163318,9.837144401
2047,2019-08-09,16.50288342,9.727955831
2048,2019-08-10,16.14320443,9.402442622
2049,2019-08-11,16.42246995,9.696554022
2050,2019-08-12,17.58249596,10.91824753
2051,2019-08-13,17.58249596,10.91824753
2052,2019-08-14,17.58249596,10.91824753
2053,2019-08-15,17.58249596,10.91824753
2054,2019-08-16,17.299461,10.66454497
2055,2019-08-17,17.11674439,10.50512189
2056,2019-08-18,20.14192074,13.65812334
2057,2019-08-19,25.47182232,18.27860553
2058,2019-08-20,25.47182232,17.78573702
2059,2019-08-21,25.47182232,17.45715801
2060,2019-08-22,25.47182232,17.23810534
2061,2019-08-23,25.82961701,17.42388822
2062,2019-08-24,25.76739931,17.23100812
2063,2019-08-25,25.85481263,17.2381651
2064,2019-08-26,25.75917525,17.09088434
2065,2019-08-27,25.41188447,16.77064
2066,2019-08-28,25.08432361,16.46721109
2067,2019-08-29,25.10710911,16.50225806
2068,2019-08-30,24.94997994,16.35855198
2069,2019-08-31,24.68332341,16.11278191
2070,2019-09-01,24.66630171,16.12600491
2071,2019-09-02,25.18186883,16.66897981
2072,2019-09-03,25.20335079,16.69160376
2073,2019-09-04,25.19581375,16.7133554
2074,2019-09-05,26.11821448,17.57178191
2075,2019-09-06,25.94547632,17.31452127
2076,2019-09-07,26.37452728,17.71615435
2077,2019-09-08,26.11635152,17.41076956
2078,2019-09-09,25.94423435,17.20717971
2079,2019-09-10,25.82948956,17.07145314
2080,2019-09-11,25.82459959,17.05638194
2081,2019-09-12,25.87862484,17.10666502
2082,2019-09-13,25.88599905,17.1100218
2083,2019-09-14,25.79066604,17.0066812
2084,2019-09-15,26.45749744,17.7070019
2085,2019-09-16,26.17166496,17.40466793
2086,2019-09-17,26.00975259,17.23327723
2087,2019-09-18,25.8874897,17.10393412
2088,2019-09-19,25.80598111,17.01770538
2089,2019-09-20,25.90917645,17.12612855
2090,2019-09-21,25.87772542,17.09283406
2091,2019-09-22,25.78515028,16.99522271
2092,2019-09-23,25.72343352,16.93014847
2093,2019-09-24,25.68228901,16.88676565
2094,2019-09-25,25.61504315,16.83222311
2095,2019-09-26,25.49322838,16.71465483
2096,2019-09-27,25.38636704,16.61318693
2097,2019-09-28,25.3213356,16.55349137
2098,2019-09-29,25.70071741,16.93741333
2099,2019-09-30,25.71012286,16.93687747
2100,2019-10-01,26.79098025,18.0684397
2101,2019-10-02,26.43697746,17.69091377
2102,2019-10-03,26.20098569,17.43924468
2103,2019-10-04,26.00065713,17.22616312
2104,2019-10-05,25.86710475,17.08410875
2105,2019-10-06,25.77806984,16.98940583
2106,2019-10-07,25.71871322,16.92627055
2107,2019-10-08,25.72228033,16.9296832
2108,2019-10-09,25.68152022,16.88645547
2109,2019-10-10,25.98610367,17.20797425
2110,2019-10-11,25.88631347,17.10253587
2111,2019-10-12,25.79087565,17.00169058
2112,2019-10-13,25.72725043,16.93446039
2113,2019-10-14,25.68483362,16.88964026
2114,2019-10-15,25.65655575,16.85976017
2115,2019-10-16,25.63770383,16.83984011
2116,2019-10-17,25.69786316,16.91237826
2117,2019-10-18,25.83078339,17.03017231
2118,2019-10-19,25.93161227,17.1425471
2119,2019-10-20,25.82107484,17.02836474
2120,2019-10-21,25.74738323,16.95224316
2121,2019-10-22,25.80209397,17.01620964
2122,2019-10-23,25.73472932,16.94413976
2123,2019-10-24,25.68981954,16.89609317
2124,2019-10-25,25.97180464,17.17698499
2125,2019-10-26,26.18595138,17.38933817
2126,2019-10-27,25.99063425,17.19289211
2127,2019-10-28,25.86042284,17.06192807
2128,2019-10-29,25.77361522,16.97461872
2129,2019-10-30,25.71574348,16.91641248
2130,2019-10-31,25.84448253,17.04472831
2131,2019-11-01,25.76298835,16.96315221
2132,2019-11-02,25.81379134,17.01429846
2133,2019-11-03,25.74252756,16.94286564
2134,2019-11-04,25.69501838,16.89524376
2135,2019-11-05,25.66334558,16.86349584
2136,2019-11-06,25.64223039,16.84233056
2137,2019-11-07,25.62815359,16.82822037
2138,2019-11-08,25.61876906,16.81881358
2139,2019-11-09,25.61251271,16.81254239
2140,2019-11-10,25.60834181,16.80836159
2141,2019-11-11,25.6055612,16.80557439
2142,2019-11-12,25.60370747,16.80371626
2143,2019-11-13,26.91750299,18.11447518
2144,2019-11-14,26.47833533,17.67631679
2145,2019-11-15,26.18555689,17.38421119
2146,2019-11-16,25.99037126,17.18947413
2147,2019-11-17,25.8602475,17.05964942
2148,2019-11-18,25.77349834,16.97309961
2149,2019-11-19,28.67192435,19.87047902
2150,2019-11-20,28.52057456,19.71952402
2151,2019-11-21,27.54704971,18.74634935
2152,2019-11-22,27.21277281,18.41207141
2153,2019-11-23,26.67518188,17.87471427
2154,2019-11-24,26.48589387,17.68543897
2155,2019-11-25,26.19059591,17.39029265
2156,2019-11-26,25.99373061,17.19352843
2157,2019-11-27,25.86248707,17.06235229
2158,2019-11-28,25.77499138,16.97490152
2159,2019-11-29,25.71666092,16.91660102
2160,2019-11-30,25.67777395,16.87773401
2161,2019-12-01,25.6518493,16.85182267
2162,2019-12-02,25.6345662,16.83454845
2163,2019-12-03,25.62304413,16.8230323
2164,2019-12-04,27.38442642,18.5842175
2165,2019-12-05,26.78961761,17.98947833
2166,2019-12-06,26.39307841,17.59298556
2167,2019-12-07,26.12871894,17.32865704
2168,2019-12-08,25.95247929,17.15243802
2169,2019-12-09,25.8349862,17.03495868
2170,2019-12-10,25.75665746,16.95663912
2171,2019-12-11,25.70443831,16.90442608
2172,2019-12-12,26.78455841,17.98445043
2173,2019-12-13,26.51090024,17.71082056
2174,2019-12-14,26.20726683,17.62539552
2175,2019-12-15,26.00484455,17.35026368
2176,2019-12-16,25.86989637,17.16684245
2177,2019-12-17,25.77993091,17.04456164
2178,2019-12-18,25.71995394,16.96304109
2179,2019-12-19,25.67996929,16.90869406
2180,2019-12-20,25.65331286,16.87246271
2181,2019-12-21,25.88953294,17.09062523
2182,2019-12-22,25.96853114,17.16344712
2183,2019-12-23,25.84568743,17.04229808
2184,2019-12-24,25.76379162,16.96153206
2185,2019-12-25,25.70919441,16.90768804
2186,2019-12-26,25.67279627,16.87179202
2187,2019-12-27,25.64853085,16.84786135
2188,2019-12-28,25.6323539,16.83190757
2189,2019-12-29,25.62156927,16.82127171
2190,2019-12-30,30.25138542,21.25045067
2191,2019-12-31,28.70092361,19.76696711
